imaging_case_id,structure,source_label,vista_label,comparison_allowed,reference_available,prediction_available,status,reason,dice,hd95_mm,rel_volume_error
imaging-case-000001,heart,heart,heart,True,True,False,not_computed,VISTA prediction unavailable (gated: no live endpoint); metric functions verified separately in tests,,,
imaging-case-000001,aorta,aorta,aorta,True,True,False,not_computed,VISTA prediction unavailable (gated: no live endpoint); metric functions verified separately in tests,,,
imaging-case-000001,coronary arteries,coronary arteries,,False,True,False,not_applicable,"reference mask available, endpoint class unsupported",,,
imaging-case-000001,epicardial adipose tissue,epicardial adipose tissue,,False,True,False,not_applicable,"reference mask available, endpoint class unsupported",,,
imaging-case-000001,pericoronary adipose tissue,pericoronary adipose tissue,,False,True,False,not_applicable,"reference mask available, endpoint class unsupported",,,
imaging-case-000002,heart,heart,heart,True,True,False,not_computed,VISTA prediction unavailable (gated: no live endpoint); metric functions verified separately in tests,,,
imaging-case-000002,aorta,aorta,aorta,True,True,False,not_computed,VISTA prediction unavailable (gated: no live endpoint); metric functions verified separately in tests,,,
imaging-case-000002,coronary arteries,coronary arteries,,False,True,False,not_applicable,"reference mask available, endpoint class unsupported",,,
imaging-case-000002,epicardial adipose tissue,epicardial adipose tissue,,False,True,False,not_applicable,"reference mask available, endpoint class unsupported",,,
imaging-case-000002,pericoronary adipose tissue,pericoronary adipose tissue,,False,True,False,not_applicable,"reference mask available, endpoint class unsupported",,,
imaging-case-000003,heart,heart,heart,True,True,False,not_computed,VISTA prediction unavailable (gated: no live endpoint); metric functions verified separately in tests,,,
imaging-case-000003,aorta,aorta,aorta,True,True,False,not_computed,VISTA prediction unavailable (gated: no live endpoint); metric functions verified separately in tests,,,
imaging-case-000003,coronary arteries,coronary arteries,,False,True,False,not_applicable,"reference mask available, endpoint class unsupported",,,
imaging-case-000003,epicardial adipose tissue,epicardial adipose tissue,,False,True,False,not_applicable,"reference mask available, endpoint class unsupported",,,
imaging-case-000003,pericoronary adipose tissue,pericoronary adipose tissue,,False,True,False,not_applicable,"reference mask available, endpoint class unsupported",,,
