case_id,name
case-000001,FOSAMAX
case-000001,LEVAQUIN
case-000001,CALCIONATE
case-000001,BACTRIM
case-000001,BACTRIM
case-000001,FOSAMAX
case-000001,XANAX
case-000001,MIACALCIN
case-000001,ULTRAM
case-000001,CEPHALEXIN
case-000001,MIACALCIN
case-000001,LEVAQUIN
case-000001,LEVAQUIN
case-000001,ULTRAM
case-000001,CEPHALEXIN
case-000001,EVISTA
case-000001,BIAXIN
case-000001,MIACALCIN
case-000001,EVISTA
case-000001,PENICILLIN G BENZATHINE
case-000001,PENICILLIN G BENZATHINE
case-000001,PENICILLIN G BENZATHINE
case-000001,ULTRAM
case-000001,EVISTA
case-000001,ULTRAM
case-000001,CALCIONATE
case-000001,XANAX
case-000001,ULTRAM
case-000001,BIAXIN
case-000001,CALCIONATE
case-000001,XANAX
case-000001,CEPHALEXIN
case-000001,EVISTA
case-000001,XANAX
case-000001,LEVAQUIN
case-000001,FOSAMAX
case-000001,BIAXIN
case-000001,FOSAMAX
case-000001,LEVAQUIN
case-000001,PENICILLIN G BENZATHINE
case-000001,MIACALCIN
case-000001,ULTRAM
case-000001,XANAX
case-000001,XANAX
case-000001,BIAXIN
case-000001,BACTRIM
case-000001,EVISTA
case-000001,CEPHALEXIN
case-000001,PENICILLIN G BENZATHINE
case-000001,BACTRIM
case-000001,FOSAMAX
case-000001,XANAX
case-000001,PENICILLIN G BENZATHINE
case-000001,PENICILLIN G BENZATHINE
case-000001,FOSAMAX
case-000001,ULTRAM
case-000001,ULTRAM
case-000001,XANAX
case-000001,CEPHALEXIN
case-000001,FOSAMAX
case-000001,EVISTA
case-000001,MIACALCIN
case-000001,CALCIONATE
case-000001,MIACALCIN
case-000001,XANAX
case-000001,LEVAQUIN
case-000001,CALCIONATE
case-000001,BACTRIM
case-000001,CEPHALEXIN
case-000001,BIAXIN
case-000001,FOSAMAX
case-000001,BIAXIN
case-000001,CALCIONATE
case-000001,BACTRIM
case-000001,LEVAQUIN
case-000001,PENICILLIN G BENZATHINE
case-000001,CEPHALEXIN
case-000001,FOSAMAX
case-000001,MIACALCIN
case-000001,BIAXIN
case-000001,CALCIONATE
case-000001,XANAX
case-000001,ULTRAM
case-000001,CEPHALEXIN
case-000001,PENICILLIN G BENZATHINE
case-000001,PENICILLIN G BENZATHINE
case-000001,EVISTA
case-000001,LEVAQUIN
case-000001,ULTRAM
case-000001,CALCIONATE
case-000001,BACTRIM
case-000001,CEPHALEXIN
case-000001,FOSAMAX
case-000001,MIACALCIN
case-000001,BIAXIN
case-000001,MIACALCIN
case-000001,BIAXIN
case-000001,PENICILLIN G BENZATHINE
case-000001,CEPHALEXIN
case-000001,EVISTA
case-000001,LEVAQUIN
case-000001,ULTRAM
case-000001,BIAXIN
case-000001,CALCIONATE
case-000001,EVISTA
case-000001,ULTRAM
case-000001,FOSAMAX
case-000001,PENICILLIN G BENZATHINE
case-000001,BACTRIM
case-000001,ULTRAM
case-000001,EVISTA
case-000001,XANAX
case-000001,BACTRIM
case-000001,LEVAQUIN
case-000001,MIACALCIN
case-000001,BACTRIM
case-000001,LEVAQUIN
case-000001,CEPHALEXIN
case-000001,XANAX
case-000001,MIACALCIN
case-000001,CALCIONATE
case-000001,XANAX
case-000001,MIACALCIN
case-000001,FOSAMAX
case-000001,EVISTA
case-000001,BIAXIN
case-000001,MIACALCIN
case-000001,EVISTA
case-000001,LEVAQUIN
case-000001,CEPHALEXIN
case-000001,PENICILLIN G BENZATHINE
case-000001,EVISTA
case-000001,FOSAMAX
case-000001,PENICILLIN G BENZATHINE
case-000001,CEPHALEXIN
case-000001,ULTRAM
case-000001,CALCIONATE
case-000001,EVISTA
case-000001,BACTRIM
case-000001,BACTRIM
case-000001,BIAXIN
case-000001,LEVAQUIN
case-000001,BIAXIN
case-000001,MIACALCIN
case-000001,CALCIONATE
case-000001,CALCIONATE
case-000001,BACTRIM
case-000001,BACTRIM
case-000001,XANAX
case-000001,FOSAMAX
case-000001,BIAXIN
case-000001,CALCIONATE
case-000001,CEPHALEXIN
case-000001,LEVAQUIN
case-000002,penicillins
case-000002,penicillins
case-000002,penicillins
case-000002,penicillins
case-000002,penicillins
case-000002,penicillins
case-000002,penicillins
case-000002,penicillins
case-000002,penicillins
case-000002,penicillins
case-000003,LEVAQUIN
case-000003,VANCOMYCIN
case-000003,LEVAQUIN
case-000003,PREDNISONE
case-000003,BACTRIM
case-000003,BACTRIM
case-000003,BACTRIM
case-000003,PENICILLIN V POTASSIUM
case-000003,BACTRIM
case-000003,LEVAQUIN
case-000003,PREDNISONE
case-000003,LEVAQUIN
case-000003,PENICILLIN V POTASSIUM
case-000003,VANCOMYCIN
case-000003,VANCOMYCIN
case-000003,PREDNISONE
case-000003,PENICILLIN V POTASSIUM
case-000003,PREDNISONE
case-000003,PENICILLIN V POTASSIUM
case-000003,BACTRIM
case-000003,VANCOMYCIN
case-000003,LEVAQUIN
case-000003,VANCOMYCIN
case-000003,PREDNISONE
case-000003,PENICILLIN V POTASSIUM
case-000004,SULFAMETHOXAZOLE-TRIMETHOPRIM
case-000004,TRAMADOL HCL
case-000005,Sulfa Drugs
case-000005,Sulfa Drugs
case-000005,Sulfa Drugs
case-000005,Sulfa Drugs
case-000006,ACETAMINOPHEN
case-000006,CODEINE PHOSPHATE
case-000006,ASPIRIN
case-000007,CLARITHROMYCIN
case-000007,PENICILLIN G BENZATHINE
case-000007,CLARITHROMYCIN
case-000007,PENICILLIN G BENZATHINE
case-000007,CLARITHROMYCIN
case-000007,PCN
case-000007,LEVAQUIN
case-000007,PCN
case-000007,LEVAQUIN
case-000007,PCN
case-000007,PCN
case-000007,LEVAQUIN
case-000007,ERYTHROMYCIN
case-000007,CLARITHROMYCIN
case-000007,PCN
case-000007,PENICILLIN G BENZATHINE
case-000007,ERYTHROMYCIN
case-000007,LEVAQUIN
case-000007,ERYTHROMYCIN
case-000007,LEVAQUIN
case-000007,CLARITHROMYCIN
case-000007,ERYTHROMYCIN
case-000007,PENICILLIN G BENZATHINE
case-000007,PCN
case-000007,PENICILLIN G BENZATHINE
case-000007,PENICILLIN G BENZATHINE
case-000007,LEVAQUIN
case-000007,ERYTHROMYCIN
case-000007,CLARITHROMYCIN
case-000007,PCN
case-000007,ERYTHROMYCIN
case-000007,CLARITHROMYCIN
case-000007,PENICILLIN G BENZATHINE
case-000007,LEVAQUIN
case-000007,ERYTHROMYCIN
case-000008,ADHESIVE
case-000008,IODINE
case-000008,IODINE
case-000008,PENICILLIN G BENZATHINE
case-000008,PREGABALIN
case-000008,TYLENOL
case-000008,TYLENOL
case-000008,IODINE
case-000008,PREGABALIN
case-000008,PREGABALIN
case-000008,ADHESIVE
case-000008,ADHESIVE
case-000008,IODINE
case-000008,PENICILLIN G BENZATHINE
case-000008,PENICILLIN G BENZATHINE
case-000008,IODINE
case-000008,PENICILLIN G BENZATHINE
case-000008,TYLENOL
case-000008,ADHESIVE
case-000008,ADHESIVE
case-000008,TYLENOL
case-000008,PENICILLIN G BENZATHINE
case-000008,TYLENOL
case-000008,PREGABALIN
case-000008,PREGABALIN
case-000009,SULFA
case-000009,BEE STINGS
case-000009,ACCUPRIL
case-000010,GLUTEN
case-000011,ACCUPRIL
case-000011,SULFA
case-000011,BEE STINGS
case-000012,CODEINE PHOSPHATE
case-000012,SULFAMETHOXAZOLE/TRIMETHOPRIM
case-000012,LIPITOR
case-000012,SULFAMETHOXAZOLE/TRIMETHOPRIM
case-000012,MORPHINE SULFATE
case-000012,LIPITOR
case-000012,SULFAMETHOXAZOLE/TRIMETHOPRIM
case-000012,BACTRIM
case-000012,BACTRIM
case-000012,CODEINE PHOSPHATE
case-000012,MORPHINE SULFATE
case-000012,BACTRIM
case-000012,LIPITOR
case-000012,MORPHINE SULFATE
case-000012,CODEINE PHOSPHATE
case-000013,IODINE
case-000013,IODINE
case-000013,TYLENOL
case-000013,TYLENOL
case-000013,ADHESIVE
case-000013,PREGABALIN
case-000013,PREGABALIN
case-000013,PENICILLIN G BENZATHINE
case-000013,PENICILLIN G BENZATHINE
case-000013,ADHESIVE
case-000014,egg
case-000015,LASIX
case-000015,SULFACETAMIDE SOD MONOHYDRATE
case-000016,PENICILLAMINE
case-000017,alkylamine
case-000017,antihistamines
case-000017,Pseudoephedrine
case-000017,Pseudoephedrine
case-000017,antihistamines
case-000017,alkylamine
case-000018,AMOXICILLIN/POTASSIUM CLAVULANATE
case-000019,PCN
case-000020,Codeine
case-000021,VALSARTAN
case-000021,HYDROCHLOROTHIAZIDE
case-000021,ATENOLOL
case-000022,Sulfa drugs
case-000022,PCN
case-000022,PENICILLIN G BENZATHINE
case-000023,Sulfa
case-000024,Blackberry
case-000024,Blackberry
case-000025,egg
case-000026,TETRACYCLINE
case-000026,PENICILLIN G BENZATHINE
case-000026,PENICILLIN G BENZATHINE
case-000026,TETRACYCLINE
case-000026,PENICILLIN G BENZATHINE
case-000026,TETRACYCLINE
case-000026,PENICILLIN G BENZATHINE
case-000026,PENICILLIN G BENZATHINE
case-000026,TETRACYCLINE
case-000026,TETRACYCLINE
case-000027,Moexipril
case-000027,Atorvastatin
case-000027,Atorvastatin
case-000027,Moexipril
case-000027,Levofloxacin
case-000027,Levofloxacin
case-000027,Levofloxacin
case-000027,Levofloxacin
case-000027,Moexipril
case-000027,Moexipril
case-000027,Atorvastatin
case-000027,Moexipril
case-000027,Levofloxacin
case-000027,Atorvastatin
case-000027,Atorvastatin
case-000027,Levofloxacin
case-000027,Atorvastatin
case-000027,Moexipril
case-000028,DILANTIN
case-000028,PCN
case-000028,CEFOTAXIME SODIUM
case-000029,TALWIN
case-000030,see cerner
case-000031,Adhesive tape
case-000031,PREGABALIN
case-000031,TYLENOL
case-000031,IODINE
case-000031,PENICILLIN G BENZATHINE
case-000031,PENICILLIN G BENZATHINE
case-000031,PREGABALIN
case-000031,TYLENOL
case-000031,IODINE
case-000031,Adhesive tape
case-000032,SULFA DRUGS
case-000032,SULFAMETHOXAZOLE
case-000033,PENICILLIN G SODIUM
case-000033,PENICILLIN G SODIUM
case-000033,PENICILLIN G SODIUM
case-000033,PENICILLIN G SODIUM
case-000033,PENICILLIN G SODIUM
case-000034,sulfa
case-000034,sulfa
case-000034,sulfa
case-000034,sulfa
case-000034,sulfa
case-000035,PCN
case-000035,LINCOMYCIN
case-000035,LINCOMYCIN
case-000035,PCN
case-000036,latex
case-000036,LEVAQUIN
case-000036,ERYTHROMYCIN
case-000036,LATEX EXAM GLOVES
case-000037,CODEINE PHOSPHATE
case-000037,ASPIRIN
case-000037,CAFFEINE
case-000038,statins
case-000039,TRAMADOL HCL
case-000039,METFORMIN HCL
case-000040,IODINE
case-000041,TRAMADOL HCL
case-000041,METFORMIN HCL
case-000042,AMOXICILLIN
case-000042,LEVOFLOXACIN
case-000043,Morphine
case-000044,DEMEROL
case-000044,OXYCODONE CONCENTRATE
case-000044,nubain
case-000044,KEFLEX
case-000044,ULTRACET
case-000045,morphine
case-000045,morphine
case-000045,morphine
case-000046,MORPHINE SULFATE
case-000046,PHENERGAN
case-000046,VALIUM
case-000047,VANCOMYCIN
case-000047,VANCOMYCIN
case-000048,PENICILLIN
case-000049,CODEINE PHOSPHATE
case-000050,LINCOMYCIN
case-000050,PCN
case-000051,Tetanus
case-000051,Tetanus
case-000051,Tetanus
case-000051,Tetanus
case-000052,IODINE
case-000052,SULFA
case-000052,SEAFOOD
case-000052,IODINE
case-000052,IRON
case-000052,PENICILLIN
case-000052,PENICILLIN
case-000052,SEAFOOD
case-000052,SULFA
case-000052,IRON
case-000053,PENICILLIN
case-000054,PENICILLINS
case-000055,"gemfibrozil, PCN"
case-000055,morphine
case-000056,"TETANUS AND DIPHTHERIA TOXOIDS, ADULT"
case-000056,PENICILLIN G BENZATHINE
case-000057,LEVAQUIN
case-000057,toradol
case-000057,PENICILLIN G POTASSIUM
case-000058,NAPROXEN
case-000058,CODEINE PHOSPHATE
case-000059,atazanavir
case-000060,DILANTIN
case-000061,Pseudoephedrine
case-000061,Antihistamines
case-000061,Alkylamine
case-000061,Alkylamine
case-000061,Alkylamine
case-000061,Alkylamine
case-000061,Antihistamines
case-000061,Antihistamines
case-000061,Antihistamines
case-000062,IODINE
case-000062,IVP DYE
case-000062,HALDOL
case-000063,pradaxa
case-000064,PENICILLIN
case-000065,Cogentin
case-000066,CEFUROXIME
case-000066,CEFUROXIME
case-000066,CEFUROXIME
case-000066,CEFUROXIME
case-000066,CEFUROXIME
case-000066,CEFUROXIME
case-000066,CEFUROXIME
case-000066,CEFUROXIME
case-000066,CEFUROXIME
case-000066,CEFUROXIME
case-000066,CEFUROXIME
case-000067,PENICILLIN G BENZATHINE
case-000067,PENICILLIN G BENZATHINE
case-000067,PENICILLIN G BENZATHINE
case-000067,PENICILLIN G BENZATHINE
case-000068,CEFUROXIME
case-000068,CEFUROXIME
case-000069,see EMR
case-000069,see EMR
case-000070,SULFADIAZINE
case-000070,MORPHINE SULFATE
case-000070,LISINOPRIL
case-000070,tape
case-000070,LISINOPRIL
case-000070,MORPHINE SULFATE
case-000070,SULFADIAZINE
case-000070,MORPHINE SULFATE
case-000070,LISINOPRIL
case-000070,tape
case-000070,SULFADIAZINE
case-000070,tape
case-000071,Refer to Cerner
case-000072,PENICILLIN G BENZATHINE
case-000072,AMOXICILLIN
case-000072,AMOXICILLIN
case-000072,PENICILLIN G BENZATHINE
case-000072,PENICILLIN G BENZATHINE
case-000072,PENICILLIN G BENZATHINE
case-000072,AMOXICILLIN
case-000072,AMOXICILLIN
case-000072,AMOXICILLIN
case-000072,PENICILLIN G BENZATHINE
case-000073,NEOSPORIN
case-000073,Adhesive tape
case-000073,IODINE
case-000074,LEVAQUIN
case-000074,LATEX EXAM GLOVES
case-000074,ERYTHROMYCIN BASE
case-000074,ERYTHROMYCIN
case-000074,LEVAQUIN
case-000074,ERYTHROMYCIN BASE
case-000074,LATEX EXAM GLOVES
case-000074,latex
case-000074,LEVAQUIN
case-000075,SULFAMETHOXAZOLE
case-000075,SULFAMETHOXAZOLE
case-000075,SULFAMETHOXAZOLE-TRIMETHOPRIM
case-000075,SULFAMETHOXAZOLE
case-000075,SULFAMETHOXAZOLE
case-000075,SULFAMETHOXAZOLE-TRIMETHOPRIM
case-000075,SULFAMETHOXAZOLE
case-000076,TAMSULOSIN HCL
case-000076,gluten meal
case-000076,TAMSULOSIN HCL
case-000076,pollen extract
case-000076,gluten meal
case-000076,pollen extract
case-000077,erythromycin base
case-000077,THIMEROSAL
case-000078,CODEINE PHOSPHATE
case-000079,AMBIEN
case-000080,PENICILLIN G BENZATHINE
case-000080,PENICILLIN G BENZATHINE
case-000080,PENICILLIN G BENZATHINE
case-000080,AMOXICILLIN
case-000080,AMOXICILLIN
case-000080,AMOXICILLIN
case-000081,See Cerner
case-000081,See Cerner
case-000082,celecoxib
case-000082,vioxx
case-000083,CODEINE PHOSPHATE
case-000083,CAFFEINE
case-000083,ASPIRIN
case-000084,MEPERIDINE HCL
case-000084,latex
case-000084,MORPHINE SULFATE
case-000084,Sulfonamides
case-000085,CIPRO
case-000085,CIPRO
case-000085,CIPRO
case-000086,penicillin
case-000086,penicillin
case-000086,penicillin
case-000086,penicillin
case-000086,penicillin
case-000087,ASPIR 81
case-000087,PENICILLAMINE
case-000087,ASPIR 81
case-000087,ASPIR 81
case-000087,LISINOPRIL
case-000087,LISINOPRIL
case-000087,LISINOPRIL
case-000087,PENICILLAMINE
case-000087,PENICILLAMINE
case-000087,LISINOPRIL
case-000087,ASPIR 81
case-000087,PENICILLAMINE
case-000088,HEPARIN SODIUM
case-000089,ULTRACET
case-000089,Darvocet-N
case-000089,KEFLEX
case-000089,NALBUPHINE HCL
case-000089,NU-COPD
case-000089,ULTRAM
case-000089,KETOROLAC TROMETHAMINE
case-000089,NSAIDS
case-000089,AMOXICILLIN
case-000090,PENICILLIN G SODIUM
case-000090,IODINE
case-000090,PEANUTS
case-000090,PENICILLIN G SODIUM
case-000090,IODINE
case-000090,IODINE
case-000090,PEANUTS
case-000090,IODINE
case-000090,PENICILLIN G SODIUM
case-000090,PEANUTS
case-000090,PEANUTS
case-000090,PENICILLIN G SODIUM
case-000091,BENADRYL
case-000091,IBUPROFEN
case-000092,Statins
case-000092,ACETAMINOPHEN
case-000092,Flu Virus Vaccine
case-000092,ACETAMINOPHEN
case-000092,Statins
case-000092,Flu Virus Vaccine
case-000093,tomato
case-000093,aspirin
case-000093,aspirin
case-000093,tomato
case-000093,penicillins
case-000093,penicillins
case-000093,penicillins
case-000093,tomato
case-000093,aspirin
case-000094,sulfa
case-000095,PENICILLIN G POTASSIUM
case-000096,CODEINE PHOSPHATE
case-000096,INDOCIN
case-000097,LISINOPRIL
case-000097,CLARITHROMYCIN
case-000097,CLARITHROMYCIN
case-000097,LISINOPRIL
case-000098,IODINE
case-000098,CEFACLOR
case-000098,Sulfonamides
case-000098,Latex natural rubber
case-000098,PCNs
case-000099,penicillins
case-000100,lisinopril
case-000101,HALDOL
case-000101,LATEX GLOVES
case-000101,LATEX EXTENSION TUBING
case-000102,Duloxetine
case-000102,Duloxetine
case-000103,PENICILLIN G BENZATHINE
case-000103,Bee venom
case-000103,MORPHINE SULFATE
case-000103,Bee venom
case-000103,LASIX
case-000103,MORPHINE SULFATE
case-000103,THIORIDAZINE HCL
case-000103,THIORIDAZINE HCL
case-000103,IODINE
case-000103,IODINE
case-000103,SULFACETAMIDE
case-000103,SULFACETAMIDE
case-000103,PENICILLIN G BENZATHINE
case-000103,LASIX
case-000104,LEVAQUIN
case-000104,KETOROLAC TROMETHAMINE
case-000104,penicillen
case-000105,PCNs
case-000105,PCNs
case-000106,None
case-000106,None
case-000106,None
case-000107,AMOXICILLIN
case-000107,PCN
case-000107,BACTRIM
case-000107,MORPHINE SULFATE
case-000107,Sulfa
case-000108,BENADRYL
case-000109,IODINE
case-000109,PENICILLIN G BENZATHINE
case-000110,ERYTHROMYCIN
case-000110,ACE inhibitors
case-000110,Sulfa
case-000111,Adhesives
case-000112,LISINOPRIL
case-000113,IRON
case-000113,seafood
case-000113,PENICILLIN G POTASSIUM
case-000113,sulfa
case-000113,IODINE
case-000114,PENICILLIN G POTASSIUM
case-000114,LATEX GLOVES
case-000115,CIPRO
case-000115,CODEINE PHOSPHATE
case-000115,LEVAQUIN
case-000115,DOXYCYCLINE CALCIUM
case-000116,ZOCOR
case-000116,LIPITOR
case-000117,linezolid
case-000117,linezolid
case-000117,duloxetine
case-000117,linezolid
case-000117,duloxetine
case-000117,duloxetine
case-000118,AZITHROMYCIN
case-000119,penicillins
case-000120,CODEINE PHOSPHATE
case-000120,PENICILLIN G POTASSIUM
case-000121,Levemir
case-000122,AMLODIPINE BES/OLMESARTAN MED
case-000122,ISORDIL
case-000122,RANEXA
case-000122,PROTONIX
case-000122,MORPHINE SULFATE
case-000122,CODEINE PHOS
case-000122,ASPIRIN
case-000122,HYDRALAZINE HCL
case-000123,SILICONES
case-000123,PENICILLINS
case-000123,CODEINES
case-000123,ATORVASTATIN CALCIUM
case-000123,ADHESIVES
case-000123,CODEINE PHOSPHATE
case-000124,SULFA'S
case-000124,SULFA'S
case-000124,SULFA'S
case-000125,See Cerner
case-000125,See Cerner
case-000125,See Cerner
case-000126,egg
case-000127,LOVENOX
case-000128,HYDROCHLOROTHIAZIDE
case-000128,ADALAT CC
case-000128,CAPTOPRIL
case-000128,ALBUTEROL
case-000128,AVAPRO
case-000128,LISINOPRIL
case-000128,FOSINOPRIL SODIUM
case-000128,CAPTOPRIL
case-000128,NSAIDS
case-000128,DIOVAN
case-000128,METHYLDOPA
case-000128,CELEBREX
case-000128,DIOVAN
case-000128,HYDROCHLOROTHIAZIDE
case-000128,CELEBREX
case-000128,LISINOPRIL
case-000128,? lasix
case-000128,METHYLDOPA
case-000128,ADALAT CC
case-000128,ADALAT CC
case-000128,LISINOPRIL
case-000128,NSAIDS
case-000128,? norco / opiates
case-000128,METHYLDOPA
case-000128,ALBUTEROL
case-000128,? norco / opiates
case-000128,MOXIFLOXACIN HCL
case-000128,DIOVAN
case-000128,? norco / opiates
case-000128,CELEBREX
case-000128,ALBUTEROL
case-000128,FOSINOPRIL SODIUM
case-000128,ALBUTEROL
case-000128,FOSINOPRIL SODIUM
case-000128,CELEBREX
case-000128,HYDROCHLOROTHIAZIDE
case-000128,? lasix
case-000128,CAPTOPRIL
case-000128,METHYLDOPA
case-000128,? lasix
case-000128,HYDROCHLOROTHIAZIDE
case-000128,FOSINOPRIL SODIUM
case-000128,AVAPRO
case-000128,MOXIFLOXACIN HCL
case-000128,CAPTOPRIL
case-000128,? norco / opiates
case-000128,ADALAT CC
case-000128,MOXIFLOXACIN HCL
case-000128,CELEBREX
case-000128,ALBUTEROL
case-000128,NSAIDS
case-000128,NSAIDS
case-000128,DIOVAN
case-000128,AVAPRO
case-000128,MOXIFLOXACIN HCL
case-000128,AVAPRO
case-000128,DIOVAN
case-000128,AVAPRO
case-000128,METHYLDOPA
case-000128,? lasix
case-000128,CAPTOPRIL
case-000128,LISINOPRIL
case-000128,LISINOPRIL
case-000128,MOXIFLOXACIN HCL
case-000128,NSAIDS
case-000128,ADALAT CC
case-000128,FOSINOPRIL SODIUM
case-000128,? lasix
case-000128,? norco / opiates
case-000128,HYDROCHLOROTHIAZIDE
case-000129,LISINOPRIL
case-000130,LACTOSE
case-000130,PCN
case-000131,FAMOTIDINE
case-000132,BACTRIM
case-000132,Adhesive
case-000132,Strawberry C
case-000133,lactose
case-000133,PCN
case-000134,OXYCODONE HCL
case-000134,TRAMADOL HCL
case-000134,CIPROFLOXACIN
case-000134,OXYCODONE HCL
case-000134,TRAMADOL HCL
case-000134,CIPROFLOXACIN
case-000135,LEVOFLOXACIN
case-000136,codeine
case-000136,codeine
case-000137,Penicillins
case-000137,PENICILLIN G BENZATHINE
case-000137,PENICILLIN G BENZATHINE
case-000137,Penicillins
case-000138,Pcn
case-000139,PEANUTS
case-000139,PENICILLINS
case-000140,MORPHINE SULFATE
case-000140,LIPITOR
case-000141,ERYTHROMYCIN
case-000141,BACTRIM
case-000142,ATORVASTATIN CALCIUM
case-000142,ERYTHROMYCIN
case-000142,CIPRO
case-000142,ATORVASTATIN CALCIUM
case-000142,IV contrast
case-000142,CIPRO
case-000142,ERYTHROMYCIN
case-000142,IV contrast
case-000142,ATORVASTATIN CALCIUM
case-000142,ERYTHROMYCIN
case-000142,IV contrast
case-000142,CIPRO
case-000143,LINCOMYCIN HCL
case-000144,MOTRIN
case-000145,see cerner
case-000146,IODINE
case-000146,IODINE
case-000146,MEMANTINE HCL
case-000146,MEMANTINE HCL
case-000147,eggs
case-000147,milk
case-000147,zocor
case-000147,crestor
case-000148,ace-inhibitors
case-000148,captopril
case-000148,codeine
case-000149,ROBITUSSIN COUGH & COLD CF
case-000150,AMBIEN
case-000151,ZIAC
case-000151,TEKTURNA
case-000151,NORVASC
case-000151,ACE INHIBITORS
case-000151,METOPROLOL
case-000151,TETRACYCLINE
case-000151,BENICAR
case-000151,ELAVIL
case-000151,CODEINE
case-000151,HYDRALAZINE
case-000151,CIPROFLOXACIN
case-000151,DILTIAZEM
case-000151,CLONIDINE
case-000151,BACTRIM
case-000151,SPIRONOLACTONE
case-000151,NITROGLYCERINE
case-000152,Penicillins
case-000153,latex
case-000154,ASPIRIN
case-000154,IBUPROFEN
case-000154,IBUPROFEN
case-000154,ASPIRIN
case-000155,BACTRIM
case-000155,PENICILLIN G BENZATHINE
case-000155,SULFA ABX
case-000155,MORPHINE SULFATE
case-000155,AMOXICILLIN
case-000156,Sulfamethoxazole
case-000156,Sulfamethoxazole
case-000156,Trimethoprim
case-000156,Trimethoprim
case-000157,LATEX LEG STRAPS
case-000157,LATEX LEG STRAPS
case-000157,LATEX EXTENSION TUBING
case-000157,LATEX LEG STRAPS
case-000157,LATEX GLOVES
case-000157,LATEX GLOVES
case-000157,LATEX EXTENSION TUBING
case-000157,LATEX EXTENSION TUBING
case-000157,LATEX GLOVES
case-000158,CEPHALEXIN
case-000158,LEVOFLOXACIN
case-000158,NIACIN
case-000159,Titanium
case-000159,Titanium
case-000160,Atorvastatin
case-000160,Niacin
case-000160,Statins
case-000161,MORPHINE SULFATE
case-000161,XANAX
case-000161,CODEINE PHOSPHATE
case-000161,NAPROXEN
case-000162,penecillin
case-000162,Penicillins
case-000162,penecillin
case-000163,cocoa
case-000163,VANCOMYCIN
case-000163,clavulanic acid
case-000163,AMOXICILLIN
case-000164,HYDROCODONE BITARTRATE
case-000165,Penicillins
case-000165,IV DYE
case-000165,Penicillins
case-000165,IV DYE
case-000165,Penicillins
case-000165,IV DYE
case-000165,IV DYE
case-000165,IV DYE
case-000165,Penicillins
case-000165,Penicillins
case-000165,Penicillins
case-000165,IV DYE
case-000166,GENTAMICIN SULFATE
case-000166,GENTAMICIN SULFATE
case-000166,PENICILLIN G BENZATHINE
case-000166,METRONIDAZOLE
case-000166,METRONIDAZOLE
case-000166,PENICILLIN G BENZATHINE
case-000166,GENTAMICIN SULFATE
case-000166,METRONIDAZOLE
case-000166,PENICILLIN G BENZATHINE
case-000167,FLAGYL
case-000167,GENTAMICIN SULFATE
case-000167,GENTAMICIN SULFATE
case-000167,GENTAMICIN SULFATE
case-000167,PENICILLIN G BENZATHINE
case-000167,FLAGYL
case-000167,PENICILLIN G BENZATHINE
case-000167,PENICILLIN G BENZATHINE
case-000167,FLAGYL
case-000168,PCN
case-000168,cephalosporins
case-000169,amoxicillin
case-000169,amoxicillin
case-000170,cephazolin
case-000170,gabapentin
case-000170,Sulfa
case-000170,PCN
case-000170,dicolfenac
case-000170,torvastatin
case-000170,ampicillin
case-000171,HYDROCHLOROTHIAZIDE
case-000172,PENICILLIN G BENZATHINE
case-000172,SULFACETAMIDE SODIUM
case-000173,PENICILLIN G BENZATHINE
case-000174,LINEZOLID
case-000174,DULOXETINE HCL
case-000175,morphine
case-000176,SULFACETAMIDE
case-000177,AMIODARONE HCL
case-000177,PRADAXA
case-000177,BUMETANIDE
case-000177,MILRINONE IN 5% DEXTROSE
case-000178,XYLOCAINE
case-000178,LIDOCAINE
case-000179,MILRINONE LACTATE
case-000179,BUMETANIDE
case-000179,PRADAXA
case-000179,AMIODARONE HCL
case-000180,Penicillins
case-000180,GABAPENTIN
case-000180,AUGMENTIN
case-000180,Agernerase
case-000180,ASPIRIN
case-000181,CODEINE SULFATE
case-000181,ERYTHROMYCIN
case-000182,PENICILLIN G POTASSIUM
case-000182,PENICILLIN G POTASSIUM
case-000183,TRIMETHOPRIM
case-000183,SULFAMETHOXAZOLE
case-000184,PRADAXA
case-000184,AMIODARONE HCL
case-000185,ERYTHROMYCIN
case-000185,ERYTHROMYCIN
case-000185,LATEX
case-000185,LATEX
case-000185,LEVAQUIN
case-000185,LEVAQUIN
case-000186,ERTAPENEM
case-000186,CEFEPIME
case-000186,VANCOMYCIN
case-000187,penicillin
case-000187,IRON
case-000187,IODINE
case-000187,seafood
case-000187,sulfa
case-000188,sulfa
case-000189,benadryl
case-000189,stadol
case-000190,CODEINE PHOSPHATE
case-000190,PENICILLIN G BENZATHINE
case-000191,PENICILLAMINE
case-000191,BEE VENOM
case-000191,NSAIDS
case-000191,methylpara-nalbuphin
case-000192,LISINOPRIL
case-000192,contrast dye
case-000193,ACETAMINOPHEN
case-000193,PENICILLIN G POTASSIUM
case-000193,PENICILLIN G POTASSIUM
case-000193,ACETAMINOPHEN
case-000194,CODEINE SULFATE
case-000195,CODEINE PHOSPHATE
case-000195,CLINDAMYCIN HCL
case-000196,DILAUDID
case-000196,ERYTHROMYCIN
case-000196,MORPHINE SULFATE
case-000196,MOTRIN
case-000196,PENICILLAMINE
case-000197,PENICILLAMINE
case-000197,PENICILLAMINE
case-000197,PENICILLAMINE
case-000197,PENICILLAMINE
case-000197,PENICILLAMINE
case-000197,PENICILLAMINE
case-000197,PENICILLAMINE
case-000198,see cerner
case-000198,see cerner
case-000199,SULFABENZAMIDE
case-000199,LATEX EXTENSION TUBING
case-000199,LEVOFLOXACIN
case-000200,latex
case-000201,PENICILLINS
case-000201,ATORVASTATIN CALCIUM
case-000201,ADHESIVES
case-000201,CODEINE PHOSPHATE
case-000201,CODEINES
case-000201,SILICONES
case-000202,lisinopril
case-000203,ALBUTEROL
case-000203,CODEINE PHOSPHATE
case-000203,ALBUTEROL
case-000203,ALBUTEROL
case-000203,CODEINE PHOSPHATE
case-000203,ASPIRIN
case-000203,ASPIRIN
case-000203,ASPIRIN
case-000203,CODEINE PHOSPHATE
case-000204,CEFUROXIME
case-000204,CEFUROXIME
case-000205,KEFLEX
case-000206,NORVASC
case-000206,SULFACETAMIDE
case-000207,PCN
case-000207,NEOMYCIN SULFATE
case-000207,TETANUS IMMUNE GLOBULIN/PF
case-000208,DEMEROL
case-000209,TRAMADOL HCL
case-000209,ALENDRONATE SODIUM
case-000209,DILAUDID
case-000209,ACTONEL
case-000210,AMLODIPINE BESILATE
case-000211,shelfish
case-000211,shelfish
case-000211,PCN
case-000211,PCN
case-000211,PCN
case-000211,shelfish
case-000212,CRESTOR
case-000212,CODEINE PHOSPHATE
case-000212,CELECOXIB
case-000212,AZOR
case-000212,METOCLOPRAMIDE HCL
case-000212,HYDROCOD-CPM-PSEUDOEPHEDRINE
case-000212,LISINOPRIL
case-000212,FLUTICASONE FUROATE
case-000212,SULFONAMIDE
case-000212,LEVOFLOXACIN
case-000212,SERTRALINE HCL
case-000212,STATINS
case-000212,PHENERGAN
case-000212,NIACIN
case-000213,Free)
case-000213,Robitussin (Alcohol
case-000214,THEOPHYLLINE
case-000215,SYMBICORT
case-000215,ISOSORBIDE
case-000215,PIROXICAM
case-000215,METHADONE HCL
case-000216,Macrodantin
case-000216,erythromycin
case-000216,ibuprofen
case-000216,compazine
case-000216,Augmentin
case-000216,ampicillin
case-000217,penicillin
case-000217,sulfa antibiotics
case-000218,Ace inhibitors
case-000219,CYMBALTA
case-000219,IMDUR
case-000220,Vytorin
case-000220,ZETIA
case-000220,Penicillins
case-000220,LIPITOR
case-000220,Lipitor
case-000220,VYTORIN
case-000220,Zetia
case-000220,PENICILLINS
case-000221,shelfish
case-000221,PCN
case-000222,PENICILLIN
case-000222,STATINS
case-000222,SULFA
case-000223,CODEINE PHOSPHATE
case-000223,CIPROFLOXACIN
case-000223,VANCOMYCIN
case-000223,MS CONTIN
case-000223,LANTUS
case-000224,SHELLFISH
case-000225,HEPARIN FLUSH
case-000226,COAL TAR
case-000227,ASPIRIN
case-000228,IBUPROFEN
case-000228,CODEINE PHOSPHATE
case-000229,MORPHINE SULFATE
case-000230,IODINE
case-000230,IODINE
case-000230,IODINE
case-000231,sulfa
case-000232,TETANUS TOXOID ADSORBED
case-000233,IODINE
case-000233,CIPRO
case-000233,TRICOR
case-000233,LOSARTAN POTASSIUM
case-000233,LIPITOR
case-000233,NIACIN
case-000233,VYTORIN
case-000233,WELCHOL
case-000233,TRIAMTERENE
case-000233,ZETIA
case-000233,ZESTRIL
case-000233,GEMFIBROZIL
case-000233,BENAZEPRIL HCL
case-000234,ASPIRIN
case-000235,ERYTHROMYCIN
case-000235,LEVAQUIN
case-000236,Duloxetine
case-000236,Duloxetine
case-000236,Duloxetine
case-000237,pcn
case-000237,levaquin
case-000238,FENTANYL
case-000238,ACTONEL
case-000238,BONIVA
case-000238,FOSAMAX
case-000239,VICODIN
case-000239,sulfa drugs
case-000240,IODIDES
case-000241,PREDNISONE
case-000241,ROFLUMILAST
case-000241,ENALAPRIL MALEATE
case-000242,TOPROL XL
case-000243,TRAMADOL HCL
case-000243,SULFONAMIDES
case-000244,PCN
case-000244,Sulfa
case-000245,keflex
case-000245,niacin
case-000246,"keflex, niacin"
case-000247,duloxetine
case-000247,duloxetine
case-000247,linezolid
case-000247,linezolid
case-000248,TYLENOL
case-000248,CODEINE SULFATE
case-000249,Codeine
case-000250,erythromycin
case-000250,methadone
case-000250,nSAIDS
case-000250,popoxyphene
case-000251,AMOXICILLIN/POTASSIUM CLAVULANATE
case-000252,Carbamazepine
case-000252,PHENYTOIN
case-000252,Azithromycin
case-000252,CARBAMAZEPINE
case-000252,Phenytoin
case-000252,AZITHROMYCIN
case-000253,penicillins
case-000253,CODEINE PHOSPHATE
case-000253,CODEINE PHOSPHATE
case-000253,penicillins
case-000253,CODEINE PHOSPHATE
case-000253,penicillins
case-000253,penicillins
case-000253,CODEINE PHOSPHATE
case-000254,see cerner
case-000255,PENICILLINS
case-000256,bleached flour
case-000257,ANESTHESIA
case-000258,sulfa
case-000258,penicillin
case-000259,PENICILLIN G BENZATHINE
case-000259,NORTRIPTYLINE HCL
case-000259,VICODIN
case-000260,Morphine
case-000261,PERCOCET
case-000261,shellfish
case-000261,IODINE
case-000262,GEMFIBROZIL
case-000263,adhesive/rash
case-000263,IODINE
case-000263,MERCURY AMMONIATED
case-000263,PREDNISONE
case-000263,iodine containing
case-000263,MERBROMIN
case-000263,tape
case-000263,PCN
case-000263,iodine
case-000263,sulfa
case-000263,mercury
case-000263,latex
case-000264,EGG
case-000265,CONTRAST DYE
case-000265,LISINOPRIL
case-000266,see cerner
case-000267,see cerner
case-000268,LISINOPRIL
case-000269,codeine
case-000270,Lactose
case-000271,see cerner
case-000271,see cerner
case-000272,penicillins
case-000272,penicillins
case-000272,lipitor
case-000272,lipitor
case-000273,sulfa
case-000273,TAMSULOSIN HCL
case-000273,TAMSULOSIN HCL
case-000273,sulfa
case-000274,SIMVASTATIN
case-000274,MORPHINE SULFATE
case-000275,NIASPAN
case-000275,ZOLOFT
case-000275,IVP dye
case-000275,COREG
case-000275,MOTRIN
case-000275,penicillin
case-000275,AMIODARONE HCL
case-000275,MEXILETINE HCL
case-000276,DEMEROL
case-000277,CODEINE PHOSPHATE
case-000277,adhesive
case-000277,"TETANUS AND DIPHTHERIA TOXOIDS, ADSORBED, ADULT/PF"
case-000277,darvocet
case-000277,darvocet
case-000277,CODEINE PHOSPHATE
case-000277,adhesive
case-000277,"TETANUS AND DIPHTHERIA TOXOIDS, ADSORBED, ADULT/PF"
case-000278,IODINE
case-000278,IODINE
case-000278,PENICILLIN V POTASSIUM
case-000278,PENICILLIN V POTASSIUM
case-000279,shellfish
case-000279,IODINE
case-000280,CODEINE PHOSPHATE
case-000280,influenza virus vacc
case-000281,benztropine
case-000281,HALDOL
case-000281,Haloperidol
case-000281,Haloperidol
case-000281,BENZTROPINE MESYLATE
case-000281,benztropine
case-000281,HALDOL
case-000281,BENZTROPINE MESYLATE
case-000281,Haloperidol
case-000281,benztropine
case-000282,CODEINE PHOSPHATE
case-000283,TRIMETHOPRIM
case-000283,SULFAMETHOXAZOLE-TRIMETHOPRIM
case-000283,SULFAMETHOXAZOLE-TRIMETHOPRIM
case-000283,SULFAMETHOXAZOLE
case-000283,SULFAMETHOXAZOLE
case-000283,TRIMETHOPRIM
case-000284,TRAMADOL HCL
case-000284,Diagnostic Xray Dye
case-000284,Diagnostic Xray Dye
case-000284,TRAMADOL HCL
case-000284,Tape
case-000284,Tape
case-000285,IODINE
case-000286,pcn
case-000287,PENICILLIN G BENZATHINE
case-000287,PLAVIX
case-000287,TICLID
case-000287,WARFARIN SODIUM
case-000288,Bee Stings
case-000288,PENICILLIN G BENZATHINE
case-000288,TETANUS TOXOID ADSORBED
case-000288,Horse Sera
case-000288,Horse Sera
case-000288,TETANUS TOXOID ADSORBED
case-000288,PENICILLIN G BENZATHINE
case-000288,Bee Stings
case-000289,HYDROCHLOROTHIAZIDE
case-000290,telmisartan
case-000290,MICARDIS
case-000290,telmisartan
case-000291,OXYCODONE CONCENTRATE
case-000291,OXYCODONE CONCENTRATE
case-000292,DIVALPROEX SODIUM
case-000292,ZOLPIDEM TARTRATE
case-000292,ATIVAN
case-000292,NSAIDS
case-000292,ACETAMINOPHEN
case-000292,ARIPIPRAZOLE
case-000293,CHLOROSEPTIC SPRAY
case-000294,morphine and related
case-000295,MORPHINE SULFATE
case-000296,LEVOFLOXACIN
case-000297,PENICILLIN G BENZATHINE
case-000297,ASPIRIN
case-000297,VANCOMYCIN
case-000298,MORPHINE SULFATE
case-000299,PENICILLIN V POTASSIUM
case-000300,"""CAN'T take narcs"""
case-000301,IV dye
case-000302,PENICILLIN G BENZATHINE
case-000302,PLAVIX
case-000302,TICLID
case-000302,WARFARIN SODIUM
case-000303,SEE CERNER
case-000304,EGG
case-000304,EGG
case-000305,PENICILLINS
case-000306,zithromax
case-000306,penicillin
case-000307,SINGULAIR
case-000307,HYDROCODONE BIT/ACETAMINOPHEN
case-000308,ASPIRIN
case-000308,PENICILLIN G BENZATHINE
case-000308,VANCOMYCIN
case-000309,LATEX GLOVES
case-000310,CODEINE PHOSPHATE
case-000310,PENICILLIN G POTASSIUM
case-000311,NEOMYCIN
case-000311,NEOMYCIN
case-000311,ERYTHROMYCIN BASE
case-000311,ERYTHROMYCIN BASE
case-000312,PENICILLIN G POTASSIUM
case-000313,sulfa
case-000314,Penicillins
case-000314,Penicillins
case-000314,Lisinopril
case-000314,Lincomycin
case-000314,Lincomycin
case-000314,Lincomycin
case-000314,Penicillins
case-000315,soma
case-000315,septra
case-000315,macrodantin
case-000316,PENICILLIN G BENZATHINE
case-000316,PENICILLIN G BENZATHINE
case-000316,PENICILLIN G BENZATHINE
case-000317,Shell fish
case-000317,PENICILLIN G POTASSIUM
case-000317,LEXAPRO
case-000317,ATORVASTATIN CALCIUM
case-000318,Nickel
case-000318,VANCOMYCIN
case-000318,PCN
case-000318,ACETAMINOPHEN
case-000318,Adhesives
case-000319,MIDAZOLAM
case-000319,REGLAN
case-000320,ALPRAZOLAM
case-000320,NAPROXEN
case-000320,MORPHINE SULFATE
case-000320,CODEINE PHOSPHATE
case-000321,LISINOPRIL
case-000321,ALLOPURINOL
case-000321,MEROPENEM
case-000321,ALLOPURINOL
case-000321,LISINOPRIL
case-000321,COZAAR
case-000321,MEROPENEM
case-000321,COZAAR
case-000322,SULFA
case-000323,AZOR
case-000323,Sertaline HCL
case-000323,LISINOPRIL
case-000323,CRESTOR
case-000323,NIACIN
case-000323,METOCLOPRAMIDE HCL
case-000323,SULFONAMIDE
case-000323,LEXAPRO
case-000323,CELECOXIB
case-000323,PHENERGAN
case-000323,STATINS
case-000323,LEVOFLOXACIN
case-000323,CODEINE PHOSPHATE
case-000324,NITROFURANTOIN
case-000324,SULFA DRUGS
case-000324,MACROBID
case-000325,pradaxa\
case-000325,PCN caused high feve
case-000326,sulfa
case-000326,penicillin
case-000327,CODEINE
case-000327,Codeine
case-000328,fentanyl
case-000328,aspirin
case-000328,morphine
case-000328,ultram
case-000328,nubain
case-000328,stadol
case-000328,PCN
case-000328,toradol
case-000329,Penicillins
case-000330,PENICILLIN G POTASSIUM
case-000330,CODEINE PHOSPHATE
case-000331,ERYTHROMYCIN
case-000331,SULFA
case-000331,BACTRIM
case-000332,see cerner
case-000332,see cerner
case-000333,"SHELLFISH, SHRIMP"
case-000333,"SHELLFISH, SHRIMP"
case-000333,"SHELLFISH, SHRIMP"
case-000334,NEURONTIN
case-000334,KEFLEX
case-000335,see cerner
case-000335,see cerner
case-000336,PENICILLIN G POTASSIUM
case-000336,SHELLFISH
case-000337,penicillin
case-000337,penicillin
case-000338,HYDROCHLOROTHIAZIDE
case-000339,CODEINE SULFATE
case-000339,MORPHINE SULFATE
case-000340,ASPIRIN
case-000340,ASPIRIN
case-000340,OXYCODONE
case-000340,OXYCODONE
case-000341,latex
case-000341,latex
case-000342,PCN
case-000343,LANSOPRAZOLE
case-000343,RABEPRAZOLE SODIUM
case-000343,HYDROCODONE BIT-IBUPROFEN
case-000343,HYDROCODONE BIT-IBUPROFEN
case-000343,MEPERIDINE HCL
case-000343,OMEPRAZOLE
case-000343,RABEPRAZOLE SODIUM
case-000343,CIMETIDINE
case-000343,OMEPRAZOLE
case-000343,OXYCODONE CONCENTRATE
case-000343,RANITIDINE HCL
case-000343,RANITIDINE HCL
case-000343,OXYCODONE CONCENTRATE
case-000343,MEPERIDINE HCL
case-000343,CIMETIDINE
case-000343,LANSOPRAZOLE
case-000344,see cerner
case-000345,see cerner
case-000346,penicillin
case-000346,penicillin
case-000346,mango
case-000346,mango
case-000347,QUINAPRIL HCL
case-000348,ASPIRIN
case-000348,Latex
case-000348,PENICILLIN G SODIUM
case-000348,PENICILLIN G SODIUM
case-000348,Latex
case-000348,ASPIRIN
case-000348,NEOSPORIN
case-000348,NEOSPORIN
case-000349,ASPIRIN
case-000350,see EMR
case-000350,see EMR
case-000350,see EMR
case-000351,LEVAQUIN
case-000351,LATEX EXAM GLOVES
case-000351,ERYTHROMYCIN
case-000351,latex
case-000352,Aspirin
case-000353,NIACIN
case-000353,TICLID
case-000353,PENICILLIN G POTASSIUM
case-000353,PLAVIX
case-000353,WARFARIN SODIUM
case-000354,PENICILLIN
case-000354,MACROBID
case-000354,SULFA
case-000354,PENICILLIN
case-000354,MACROBID
case-000354,SULFA
case-000355,IBUPROFEN
case-000355,ASPIRIN
case-000356,SULFAMETHOXAZOLE
case-000356,TRIMETHOPRIM
case-000357,PENICILLINS
case-000358,Shellfish
case-000359,TENORMIN
case-000359,SYNTHROID
case-000359,VASOTEC
case-000359,NORVASC
case-000359,novocain
case-000359,Amide type anestheti
case-000359,ADALAT CC
case-000359,sulfa
case-000359,MACROBID
case-000359,blue dye
case-000360,divalproex
case-000360,aripiprazole
case-000360,nsaids
case-000360,tyelenol
case-000360,ativan
case-000360,zolpidem
case-000361,PCN
case-000361,PCN
case-000362,see cerner
case-000363,BETA BLOCKERS
case-000363,DEMEROL
case-000364,CODEINE SULFATE
case-000364,STATINS
case-000364,PHENERGAN
case-000364,SERTRALINE HCL
case-000364,LEXAPRO
case-000364,SULFONAMIDES
case-000364,CRESTOR
case-000364,METOCLOPRAMIDE HCL
case-000364,LEVOFLOXACIN
case-000364,NIACIN
case-000364,CELECOXIB
case-000364,AZOR
case-000365,BACTRIM
case-000365,PENICILLIN G BENZATHINE
case-000365,AMOXICILLIN
case-000365,SULFA
case-000365,MORPHINE SULFATE
case-000366,BACTRIM
case-000367,see cerner
case-000368,shellfish
case-000368,LISINOPRIL
case-000369,lisinopril
case-000370,OXYCODONE HCL
case-000370,MORPHINE SULFATE
case-000371,CODEINE
case-000372,ADHESIVE
case-000372,PENICILLIN G BENZATHINE
case-000373,Lactose
case-000374,CODEINE SULFATE
case-000375,PENICILLIN G SODIUM
case-000375,ASPIRIN
case-000376,Penicillin
case-000377,see cerner
case-000378,MORPHINE SULFATE
case-000379,CIPRO
case-000379,LESCOL
case-000380,SIMVASTATIN
case-000380,ACE INHIBITORS
case-000380,FLUVASTATIN SODIUM
case-000380,DAPAGLIFLOZIN
case-000380,ATORVASTATIN CALCIUM
case-000380,ROSUVASTATIN CALCIUM
case-000381,PENICILLIN G SODIUM
case-000382,HYDROCODONE
case-000383,pcn
case-000383,PREGABALIN
case-000383,tape
case-000383,IODINE
case-000384,TRIMETHOPRIM-POLYMYXIN B SULF
case-000384,METRONIDAZOLE
case-000384,AUGMENTIN
case-000384,quinolones
case-000384,NITROFURANTOIN
case-000384,CIPROFLOXACIN
case-000385,Lisinopril
case-000385,Shellfish
case-000386,NITROGLYCERIN
case-000386,LABETALOL HCL
case-000386,AMLODIPINE BESILATE
case-000386,ZOSYN
case-000387,CODEINE SULFATE
case-000388,SEE CERNER
case-000388,SEE CERNER
case-000389,sulfa
case-000389,trimethorpim
case-000389,sulfa
case-000389,SULFAMETHOXAZOLE-TRIMETHOPRIM
case-000389,trimethorpim
case-000389,sulfa
case-000389,trimethorpim
case-000389,sulfa
case-000389,trimethorpim
case-000390,CODEINE PHOSPHATE
case-000391,SULFACETAMIDE
case-000391,MOBIC
case-000392,BACTRIM
case-000392,LATEX EXTENSION TUBING
case-000392,DIMETAPP
case-000393,Naprosyn
case-000393,Lotensin
case-000394,aspirin
case-000395,PENICILLINS
case-000396,ALLOPURINOL
case-000396,MEROPENEM
case-000396,COZAAR
case-000396,LISINOPRIL
case-000397,CEPHALEXIN
case-000397,LIDOCAINE
case-000398,NAPROXEN
case-000398,SULFANILAMIDE
case-000399,PENICILLIN G BENZATHINE
case-000399,CEPHALEXIN
case-000399,LISINOPRIL
case-000399,PREDNISONE
case-000400,CODEINE PHOSPHATE
case-000400,OPIUM/BELLADONNA ALKALOIDS
case-000400,VICODIN
case-000400,MORPHINE SULFATE
case-000400,PENICILLAMINE
case-000400,ERYTHROMYCIN
case-000400,TETRACYCLINE
case-000400,LIPITOR
case-000400,ADHESIVE
case-000401,shellfish
case-000401,QUININE HCL
case-000401,ACE inhibitors
case-000401,LOSARTAN POTASSIUM
case-000402,TYLENOL
case-000402,LORTAB
case-000403,ZOCOR
case-000403,HYDROCHLOROTHIAZIDE
case-000404,OXYCONTIN
case-000404,CODEINE PHOSPHATE
case-000405,KEFLEX
case-000405,NEURONTIN
case-000406,KETEK
case-000406,statins
case-000406,PENICILLIN G BENZATHINE
case-000406,CORTISPORIN
case-000406,NEOSPORIN
case-000407,MORPHINE SULFATE
case-000407,IODINE
case-000407,VANCOMYCIN
case-000408,see cerner
case-000409,PENICILLIN G BENZATHINE
case-000409,ASPIRIN
case-000410,Barium
case-000410,Barium
case-000411,PENICILLAMINE
case-000411,ASPIRIN
case-000411,VANCOMYCIN
case-000412,ASPIRIN
case-000412,VANCOMYCIN
case-000412,PENICILLIN G BENZATHINE
case-000413,IVP dye
case-000414,see cerner
case-000415,SULFA
case-000415,SULFAMETHOXAZOLE
case-000416,see cerner
case-000417,sulfadiazine
case-000418,see cerner
case-000419,HYDROCHLOROTHIAZIDE
case-000420,morphine
case-000420,adhesive tape
case-000421,IVP Dye
case-000422,NIACIN
case-000423,see beacon
case-000424,CODEINE PHOSPHATE
case-000424,LIDOCAINE
case-000424,PENICILLIN G BENZATHINE
case-000425,DICLOFENAC SODIUM
case-000426,KEFLEX
case-000427,HYDROCODONE BITARTRATE
case-000427,CODEINE PHOSPHATE
case-000427,SULFACETAMIDE SODIUM
case-000427,PENICILLIN G SODIUM
case-000428,NEURONTIN
case-000428,KEFLEX
case-000591,PENICILLIN G BENZATHINE
case-000683,LASIX
case-000683,SULFACETAMIDE SOD MONOHYDRATE
case-000684,ERYTHROMYCIN
case-000684,CLEOCIN
case-000685,AMOXICILLIN
case-000686,LEVAQUIN
case-000793,LEVAQUIN
case-000793,LEVOFLOXACIN
case-000794,IODIDES
case-000955,CODEINE PHOSPHATE
case-000955,ENDOCET
case-000955,OPSITE TAPE
case-000956,SULFAMIDE
case-000956,CODEINE PHOSPHATE
case-000956,CELEBREX
case-000957,PENICILLAMINE
case-000958,TUSSIONEX
case-000958,GUAIFENESIN/PSEUDOEPHEDRINE HCL
case-000958,CODEINE PHOSPHATE
case-000958,ATENOLOL
case-000959,see cerner
case-000960,SULFACETAMIDE
case-000960,ANTIHISTAMINE
case-000961,sulfa-trimethoprim
case-000961,gabapentin
case-000961,nsaids
case-000961,ibuprofen
case-000961,talwin
case-000961,lisinopril
case-000961,oxycodone
case-000961,sulfa
case-000962,MORPHINE SULFATE
case-000963,PENICILLIN G BENZATHINE
case-000964,OXYCONTIN
case-000964,CODEINE PHOSPHATE
case-000965,see cerner
case-000966,PCN
case-000966,CODEINE
case-000966,SULFA
case-000967,see EMR
case-000968,penicillins
case-000968,PAXIL
case-000969,PENICILLIN G BENZATHINE
case-000969,BIAXIN
case-000969,ASPIRIN
case-000969,SULFACETAMIDE
case-000970,CODEINE SULFATE
case-000971,MACROBID
case-000971,ALTACE
case-000971,NORVASC
case-000971,SULFAs
case-000972,Bupivicaine
case-000972,Tetracycline
case-000972,Bee sting
case-000972,Lidocaine
case-000973,SEE CERNER
case-000974,IV DYE
case-000975,SULFA
case-000975,ADHESIVE TAPE
case-000975,ALUMINUM CHLORIDE
case-000976,PANTOPRAZOLE SODIUM
case-000977,cephalosporins
case-000977,penicillins
case-000978,"PCN, SULFA"
case-000979,CODEINE PHOSPHATE
case-000980,pcn
case-000980,adhesive tape
case-000981,CEPHALEXIN
case-000981,ACE INHIBITORS
case-000981,DEMEROL
case-000981,ROSIGLITAZONE
case-000981,OXCARBAZEPINE
case-000981,PCN
case-000982,See Cerner
case-000983,SULFAMETHOXAZOLE
case-000983,NORVASC
case-000984,MORPHINE & RELATED
case-000984,MORPHINE & RELATED
case-000985,PENICILLIN G BENZATHINE
case-000986,RABEPRAZOLE SODIUM
case-000986,HYDROCODONE BIT/ACETAMINOPHEN
case-000986,LANSOPRAZOLE
case-000986,RANITIDINE HCL
case-000986,MEPERIDINE HCL
case-000986,LANSOPRAZOLE
case-000986,OMEPRAZOLE
case-000986,OMEPRAZOLE
case-000986,CIMETIDINE
case-000986,CIMETIDINE
case-000986,OXYCODONE CONCENTRATE
case-000986,RABEPRAZOLE SODIUM
case-000986,RANITIDINE HCL
case-000986,MEPERIDINE HCL
case-000986,HYDROCODONE BIT/ACETAMINOPHEN
case-000986,OXYCODONE CONCENTRATE
case-000987,PHENERGAN
case-000987,all anti-nausea meds
case-000987,ZOFRAN
case-000988,"Dye, iodine agents"
case-000988,"Dye, iodine agents"
case-000989,LEVAQUIN
case-000989,ERYTHROMYCIN
case-000989,latex
case-000989,latex
case-000989,ERYTHROMYCIN
case-000989,LATEX EXAM GLOVES
case-000989,LATEX EXAM GLOVES
case-000989,LEVAQUIN
case-000990,cephalosporins
case-000990,cephalosporins
case-000991,ROCEPHIN
case-000991,VANCOMYCIN
case-000992,MISOPROSTOL
case-000992,CLARITHROMYCIN
case-000992,HYDROCODONE BIT/ACETAMINOPHEN
case-000992,DICLOFENAC EPOLAMINE
case-000992,Pcn
case-000992,TAMSULOSIN HCL
case-000992,Nsaids
case-000992,CARBIDOPA-LEVODOPA
case-000992,ACETAMINOPHEN
case-000992,AMITRIPTYLINE HCL
case-000993,morphine and related
case-000994,FOSAMAX
case-000994,VANCOMYCIN
case-000994,CODEINE SULFATE
case-000994,Contrast dye
case-000994,POVIDONE
case-000994,PENICILLIN G BENZATHINE
case-000994,mushrooms
case-000994,SOMA
case-000994,seafood
case-000995,AMPICILLIN SODIUM
case-000995,AMPICILLIN SODIUM
case-000996,PENICILLIN G BENZATHINE
case-000997,morphine and related
case-000998,PCNs
case-000999,see cerner
case-001000,CLINDAMYCIN HCL
case-001000,HYDRALAZINE HCL
case-001000,KEFLEX
case-001000,CARDIZEM
