case_id,provenance_coverage,mapping_rule_version,resources_with_provenance,clinical_resources
case-000001,1.0,careguard-data.v1,119,119
case-000002,1.0,careguard-data.v1,112,112
case-000003,1.0,careguard-data.v1,129,129
case-000004,1.0,careguard-data.v1,210,210
case-000005,1.0,careguard-data.v1,74,74
case-000006,1.0,careguard-data.v1,84,84
case-000007,1.0,careguard-data.v1,124,124
case-000008,1.0,careguard-data.v1,98,98
case-000009,1.0,careguard-data.v1,119,119
case-000010,1.0,careguard-data.v1,84,84
case-000011,1.0,careguard-data.v1,95,95
case-000012,1.0,careguard-data.v1,95,95
case-000013,1.0,careguard-data.v1,85,85
case-000014,1.0,careguard-data.v1,92,92
case-000015,1.0,careguard-data.v1,98,98
case-000016,1.0,careguard-data.v1,81,81
case-000017,1.0,careguard-data.v1,81,81
case-000018,1.0,careguard-data.v1,80,80
case-000019,1.0,careguard-data.v1,57,57
case-000020,1.0,careguard-data.v1,71,71
case-000021,1.0,careguard-data.v1,80,80
case-000022,1.0,careguard-data.v1,94,94
case-000023,1.0,careguard-data.v1,99,99
case-000024,1.0,careguard-data.v1,96,96
case-000025,1.0,careguard-data.v1,98,98
case-000026,1.0,careguard-data.v1,106,106
case-000027,1.0,careguard-data.v1,122,122
case-000028,1.0,careguard-data.v1,68,68
case-000029,1.0,careguard-data.v1,117,117
case-000030,1.0,careguard-data.v1,94,94
case-000031,1.0,careguard-data.v1,103,103
case-000032,1.0,careguard-data.v1,119,119
case-000033,1.0,careguard-data.v1,79,79
case-000034,1.0,careguard-data.v1,93,93
case-000035,1.0,careguard-data.v1,90,90
case-000036,1.0,careguard-data.v1,83,83
case-000037,1.0,careguard-data.v1,118,118
case-000038,1.0,careguard-data.v1,139,139
case-000039,1.0,careguard-data.v1,133,133
case-000040,1.0,careguard-data.v1,81,81
case-000041,1.0,careguard-data.v1,119,119
case-000042,1.0,careguard-data.v1,77,77
case-000043,1.0,careguard-data.v1,88,88
case-000044,1.0,careguard-data.v1,64,64
case-000045,1.0,careguard-data.v1,81,81
case-000046,1.0,careguard-data.v1,99,99
case-000047,1.0,careguard-data.v1,110,110
case-000048,1.0,careguard-data.v1,57,57
case-000049,1.0,careguard-data.v1,67,67
case-000050,1.0,careguard-data.v1,77,77
case-000051,1.0,careguard-data.v1,71,71
case-000052,1.0,careguard-data.v1,82,82
case-000053,1.0,careguard-data.v1,87,87
case-000054,1.0,careguard-data.v1,56,56
case-000055,1.0,careguard-data.v1,81,81
case-000056,1.0,careguard-data.v1,77,77
case-000057,1.0,careguard-data.v1,75,75
case-000058,1.0,careguard-data.v1,90,90
case-000059,1.0,careguard-data.v1,80,80
case-000060,1.0,careguard-data.v1,64,64
case-000061,1.0,careguard-data.v1,70,70
case-000062,1.0,careguard-data.v1,87,87
case-000063,1.0,careguard-data.v1,73,73
case-000064,1.0,careguard-data.v1,71,71
case-000065,1.0,careguard-data.v1,52,52
case-000066,1.0,careguard-data.v1,143,143
case-000067,1.0,careguard-data.v1,95,95
case-000068,1.0,careguard-data.v1,112,112
case-000069,1.0,careguard-data.v1,99,99
case-000070,1.0,careguard-data.v1,120,120
case-000071,1.0,careguard-data.v1,89,89
case-000072,1.0,careguard-data.v1,109,109
case-000073,1.0,careguard-data.v1,97,97
case-000074,1.0,careguard-data.v1,101,101
case-000075,1.0,careguard-data.v1,74,74
case-000076,1.0,careguard-data.v1,95,95
case-000077,1.0,careguard-data.v1,80,80
case-000078,1.0,careguard-data.v1,56,56
case-000079,1.0,careguard-data.v1,93,93
case-000080,1.0,careguard-data.v1,92,92
case-000081,1.0,careguard-data.v1,73,73
case-000082,1.0,careguard-data.v1,93,93
case-000083,1.0,careguard-data.v1,113,113
case-000084,1.0,careguard-data.v1,106,106
case-000085,1.0,careguard-data.v1,72,72
case-000086,1.0,careguard-data.v1,73,73
case-000087,1.0,careguard-data.v1,71,71
case-000088,1.0,careguard-data.v1,96,96
case-000089,1.0,careguard-data.v1,112,112
case-000090,1.0,careguard-data.v1,76,76
case-000091,1.0,careguard-data.v1,77,77
case-000092,1.0,careguard-data.v1,71,71
case-000093,1.0,careguard-data.v1,84,84
case-000094,1.0,careguard-data.v1,86,86
case-000095,1.0,careguard-data.v1,94,94
case-000096,1.0,careguard-data.v1,92,92
case-000097,1.0,careguard-data.v1,69,69
case-000098,1.0,careguard-data.v1,89,89
case-000099,1.0,careguard-data.v1,74,74
case-000100,1.0,careguard-data.v1,69,69
case-000101,1.0,careguard-data.v1,86,86
case-000102,1.0,careguard-data.v1,80,80
case-000103,1.0,careguard-data.v1,75,75
case-000104,1.0,careguard-data.v1,88,88
case-000105,1.0,careguard-data.v1,88,88
case-000106,1.0,careguard-data.v1,60,60
case-000107,1.0,careguard-data.v1,78,78
case-000108,1.0,careguard-data.v1,77,77
case-000109,1.0,careguard-data.v1,77,77
case-000110,1.0,careguard-data.v1,65,65
case-000111,1.0,careguard-data.v1,65,65
case-000112,1.0,careguard-data.v1,57,57
case-000113,1.0,careguard-data.v1,78,78
case-000114,1.0,careguard-data.v1,82,82
case-000115,1.0,careguard-data.v1,70,70
case-000116,1.0,careguard-data.v1,75,75
case-000117,1.0,careguard-data.v1,76,76
case-000118,1.0,careguard-data.v1,50,50
case-000119,1.0,careguard-data.v1,61,61
case-000120,1.0,careguard-data.v1,64,64
case-000121,1.0,careguard-data.v1,53,53
case-000122,1.0,careguard-data.v1,83,83
case-000123,1.0,careguard-data.v1,108,108
case-000124,1.0,careguard-data.v1,101,101
case-000125,1.0,careguard-data.v1,101,101
case-000126,1.0,careguard-data.v1,112,112
case-000127,1.0,careguard-data.v1,75,75
case-000128,1.0,careguard-data.v1,107,107
case-000129,1.0,careguard-data.v1,85,85
case-000130,1.0,careguard-data.v1,98,98
case-000131,1.0,careguard-data.v1,97,97
case-000132,1.0,careguard-data.v1,100,100
case-000133,1.0,careguard-data.v1,91,91
case-000134,1.0,careguard-data.v1,98,98
case-000135,1.0,careguard-data.v1,116,116
case-000136,1.0,careguard-data.v1,101,101
case-000137,1.0,careguard-data.v1,93,93
case-000138,1.0,careguard-data.v1,89,89
case-000139,1.0,careguard-data.v1,78,78
case-000140,1.0,careguard-data.v1,83,83
case-000141,1.0,careguard-data.v1,80,80
case-000142,1.0,careguard-data.v1,84,84
case-000143,1.0,careguard-data.v1,103,103
case-000144,1.0,careguard-data.v1,112,112
case-000145,1.0,careguard-data.v1,79,79
case-000146,1.0,careguard-data.v1,80,80
case-000147,1.0,careguard-data.v1,82,82
case-000148,1.0,careguard-data.v1,92,92
case-000149,1.0,careguard-data.v1,83,83
case-000150,1.0,careguard-data.v1,95,95
case-000151,1.0,careguard-data.v1,75,75
case-000152,1.0,careguard-data.v1,109,109
case-000153,1.0,careguard-data.v1,69,69
case-000154,1.0,careguard-data.v1,81,81
case-000155,1.0,careguard-data.v1,75,75
case-000156,1.0,careguard-data.v1,81,81
case-000157,1.0,careguard-data.v1,80,80
case-000158,1.0,careguard-data.v1,77,77
case-000159,1.0,careguard-data.v1,103,103
case-000160,1.0,careguard-data.v1,64,64
case-000161,1.0,careguard-data.v1,80,80
case-000162,1.0,careguard-data.v1,85,85
case-000163,1.0,careguard-data.v1,64,64
case-000164,1.0,careguard-data.v1,77,77
case-000165,1.0,careguard-data.v1,82,82
case-000166,1.0,careguard-data.v1,63,63
case-000167,1.0,careguard-data.v1,69,69
case-000168,1.0,careguard-data.v1,58,58
case-000169,1.0,careguard-data.v1,71,71
case-000170,1.0,careguard-data.v1,84,84
case-000171,1.0,careguard-data.v1,66,66
case-000172,1.0,careguard-data.v1,64,64
case-000173,1.0,careguard-data.v1,59,59
case-000174,1.0,careguard-data.v1,63,63
case-000175,1.0,careguard-data.v1,70,70
case-000176,1.0,careguard-data.v1,55,55
case-000177,1.0,careguard-data.v1,70,70
case-000178,1.0,careguard-data.v1,70,70
case-000179,1.0,careguard-data.v1,76,76
case-000180,1.0,careguard-data.v1,64,64
case-000181,1.0,careguard-data.v1,74,74
case-000182,1.0,careguard-data.v1,83,83
case-000183,1.0,careguard-data.v1,53,53
case-000184,1.0,careguard-data.v1,74,74
case-000185,1.0,careguard-data.v1,58,58
case-000186,1.0,careguard-data.v1,54,54
case-000187,1.0,careguard-data.v1,75,75
case-000188,1.0,careguard-data.v1,57,57
case-000189,1.0,careguard-data.v1,59,59
case-000190,1.0,careguard-data.v1,67,67
case-000191,1.0,careguard-data.v1,57,57
case-000192,1.0,careguard-data.v1,59,59
case-000193,1.0,careguard-data.v1,55,55
case-000194,1.0,careguard-data.v1,73,73
case-000195,1.0,careguard-data.v1,86,86
case-000196,1.0,careguard-data.v1,74,74
case-000197,1.0,careguard-data.v1,122,122
case-000198,1.0,careguard-data.v1,103,103
case-000199,1.0,careguard-data.v1,98,98
case-000200,1.0,careguard-data.v1,105,105
case-000201,1.0,careguard-data.v1,109,109
case-000202,1.0,careguard-data.v1,80,80
case-000203,1.0,careguard-data.v1,105,105
case-000204,1.0,careguard-data.v1,115,115
case-000205,1.0,careguard-data.v1,57,57
case-000206,1.0,careguard-data.v1,81,81
case-000207,1.0,careguard-data.v1,106,106
case-000208,1.0,careguard-data.v1,84,84
case-000209,1.0,careguard-data.v1,71,71
case-000210,1.0,careguard-data.v1,72,72
case-000211,1.0,careguard-data.v1,82,82
case-000212,1.0,careguard-data.v1,82,82
case-000213,1.0,careguard-data.v1,102,102
case-000214,1.0,careguard-data.v1,72,72
case-000215,1.0,careguard-data.v1,74,74
case-000216,1.0,careguard-data.v1,101,101
case-000217,1.0,careguard-data.v1,75,75
case-000218,1.0,careguard-data.v1,77,77
case-000219,1.0,careguard-data.v1,84,84
case-000220,1.0,careguard-data.v1,79,79
case-000221,1.0,careguard-data.v1,79,79
case-000222,1.0,careguard-data.v1,80,80
case-000223,1.0,careguard-data.v1,75,75
case-000224,1.0,careguard-data.v1,76,76
case-000225,1.0,careguard-data.v1,79,79
case-000226,1.0,careguard-data.v1,74,74
case-000227,1.0,careguard-data.v1,66,66
case-000228,1.0,careguard-data.v1,75,75
case-000229,1.0,careguard-data.v1,70,70
case-000230,1.0,careguard-data.v1,59,59
case-000231,1.0,careguard-data.v1,70,70
case-000232,1.0,careguard-data.v1,94,94
case-000233,1.0,careguard-data.v1,86,86
case-000234,1.0,careguard-data.v1,66,66
case-000235,1.0,careguard-data.v1,66,66
case-000236,1.0,careguard-data.v1,86,86
case-000237,1.0,careguard-data.v1,66,66
case-000238,1.0,careguard-data.v1,71,71
case-000239,1.0,careguard-data.v1,50,50
case-000240,1.0,careguard-data.v1,62,62
case-000241,1.0,careguard-data.v1,66,66
case-000242,1.0,careguard-data.v1,75,75
case-000243,1.0,careguard-data.v1,51,51
case-000244,1.0,careguard-data.v1,66,66
case-000245,1.0,careguard-data.v1,82,82
case-000246,1.0,careguard-data.v1,72,72
case-000247,1.0,careguard-data.v1,61,61
case-000248,1.0,careguard-data.v1,79,79
case-000249,1.0,careguard-data.v1,70,70
case-000250,1.0,careguard-data.v1,77,77
case-000251,1.0,careguard-data.v1,70,70
case-000252,1.0,careguard-data.v1,67,67
case-000253,1.0,careguard-data.v1,60,60
case-000254,1.0,careguard-data.v1,62,62
case-000255,1.0,careguard-data.v1,46,46
case-000256,1.0,careguard-data.v1,75,75
case-000257,1.0,careguard-data.v1,56,56
case-000258,1.0,careguard-data.v1,73,73
case-000259,1.0,careguard-data.v1,73,73
case-000260,1.0,careguard-data.v1,59,59
case-000261,1.0,careguard-data.v1,70,70
case-000262,1.0,careguard-data.v1,50,50
case-000263,1.0,careguard-data.v1,65,65
case-000264,1.0,careguard-data.v1,51,51
case-000265,1.0,careguard-data.v1,46,46
case-000266,1.0,careguard-data.v1,74,74
case-000267,1.0,careguard-data.v1,88,88
case-000268,1.0,careguard-data.v1,89,89
case-000269,1.0,careguard-data.v1,83,83
case-000270,1.0,careguard-data.v1,114,114
case-000271,1.0,careguard-data.v1,125,125
case-000272,1.0,careguard-data.v1,96,96
case-000273,1.0,careguard-data.v1,75,75
case-000274,1.0,careguard-data.v1,97,97
case-000275,1.0,careguard-data.v1,93,93
case-000276,1.0,careguard-data.v1,81,81
case-000277,1.0,careguard-data.v1,94,94
case-000278,1.0,careguard-data.v1,103,103
case-000279,1.0,careguard-data.v1,67,67
case-000280,1.0,careguard-data.v1,93,93
case-000281,1.0,careguard-data.v1,86,86
case-000282,1.0,careguard-data.v1,88,88
case-000283,1.0,careguard-data.v1,75,75
case-000284,1.0,careguard-data.v1,83,83
case-000285,1.0,careguard-data.v1,77,77
case-000286,1.0,careguard-data.v1,80,80
case-000287,1.0,careguard-data.v1,84,84
case-000288,1.0,careguard-data.v1,86,86
case-000289,1.0,careguard-data.v1,74,74
case-000290,1.0,careguard-data.v1,72,72
case-000291,1.0,careguard-data.v1,68,68
case-000292,1.0,careguard-data.v1,67,67
case-000293,1.0,careguard-data.v1,73,73
case-000294,1.0,careguard-data.v1,67,67
case-000295,1.0,careguard-data.v1,63,63
case-000296,1.0,careguard-data.v1,74,74
case-000297,1.0,careguard-data.v1,52,52
case-000298,1.0,careguard-data.v1,59,59
case-000299,1.0,careguard-data.v1,60,60
case-000300,1.0,careguard-data.v1,74,74
case-000301,1.0,careguard-data.v1,66,66
case-000302,1.0,careguard-data.v1,72,72
case-000303,1.0,careguard-data.v1,69,69
case-000304,1.0,careguard-data.v1,67,67
case-000305,1.0,careguard-data.v1,84,84
case-000306,1.0,careguard-data.v1,77,77
case-000307,1.0,careguard-data.v1,74,74
case-000308,1.0,careguard-data.v1,53,53
case-000309,1.0,careguard-data.v1,62,62
case-000310,1.0,careguard-data.v1,63,63
case-000311,1.0,careguard-data.v1,73,73
case-000312,1.0,careguard-data.v1,60,60
case-000313,1.0,careguard-data.v1,68,68
case-000314,1.0,careguard-data.v1,63,63
case-000315,1.0,careguard-data.v1,59,59
case-000316,1.0,careguard-data.v1,61,61
case-000317,1.0,careguard-data.v1,69,69
case-000318,1.0,careguard-data.v1,60,60
case-000319,1.0,careguard-data.v1,53,53
case-000320,1.0,careguard-data.v1,65,65
case-000321,1.0,careguard-data.v1,72,72
case-000322,1.0,careguard-data.v1,65,65
case-000323,1.0,careguard-data.v1,62,62
case-000324,1.0,careguard-data.v1,61,61
case-000325,1.0,careguard-data.v1,75,75
case-000326,1.0,careguard-data.v1,64,64
case-000327,1.0,careguard-data.v1,63,63
case-000328,1.0,careguard-data.v1,58,58
case-000329,1.0,careguard-data.v1,68,68
case-000330,1.0,careguard-data.v1,59,59
case-000331,1.0,careguard-data.v1,44,44
case-000332,1.0,careguard-data.v1,88,88
case-000333,1.0,careguard-data.v1,101,101
case-000334,1.0,careguard-data.v1,89,89
case-000335,1.0,careguard-data.v1,96,96
case-000336,1.0,careguard-data.v1,93,93
case-000337,1.0,careguard-data.v1,93,93
case-000338,1.0,careguard-data.v1,95,95
case-000339,1.0,careguard-data.v1,80,80
case-000340,1.0,careguard-data.v1,94,94
case-000341,1.0,careguard-data.v1,85,85
case-000342,1.0,careguard-data.v1,83,83
case-000343,1.0,careguard-data.v1,95,95
case-000344,1.0,careguard-data.v1,102,102
case-000345,1.0,careguard-data.v1,72,72
case-000346,1.0,careguard-data.v1,87,87
case-000347,1.0,careguard-data.v1,62,62
case-000348,1.0,careguard-data.v1,93,93
case-000349,1.0,careguard-data.v1,75,75
case-000350,1.0,careguard-data.v1,73,73
case-000351,1.0,careguard-data.v1,75,75
case-000352,1.0,careguard-data.v1,58,58
case-000353,1.0,careguard-data.v1,71,71
case-000354,1.0,careguard-data.v1,83,83
case-000355,1.0,careguard-data.v1,75,75
case-000356,1.0,careguard-data.v1,74,74
case-000357,1.0,careguard-data.v1,45,45
case-000358,1.0,careguard-data.v1,68,68
case-000359,1.0,careguard-data.v1,78,78
case-000360,1.0,careguard-data.v1,66,66
case-000361,1.0,careguard-data.v1,62,62
case-000362,1.0,careguard-data.v1,51,51
case-000363,1.0,careguard-data.v1,59,59
case-000364,1.0,careguard-data.v1,77,77
case-000365,1.0,careguard-data.v1,70,70
case-000366,1.0,careguard-data.v1,64,64
case-000367,1.0,careguard-data.v1,68,68
case-000368,1.0,careguard-data.v1,68,68
case-000369,1.0,careguard-data.v1,60,60
case-000370,1.0,careguard-data.v1,87,87
case-000371,1.0,careguard-data.v1,57,57
case-000372,1.0,careguard-data.v1,58,58
case-000373,1.0,careguard-data.v1,71,71
case-000374,1.0,careguard-data.v1,62,62
case-000375,1.0,careguard-data.v1,48,48
case-000376,1.0,careguard-data.v1,66,66
case-000377,1.0,careguard-data.v1,34,34
case-000378,1.0,careguard-data.v1,60,60
case-000379,1.0,careguard-data.v1,48,48
case-000380,1.0,careguard-data.v1,53,53
case-000381,1.0,careguard-data.v1,96,96
case-000382,1.0,careguard-data.v1,59,59
case-000383,1.0,careguard-data.v1,97,97
case-000384,1.0,careguard-data.v1,66,66
case-000385,1.0,careguard-data.v1,86,86
case-000386,1.0,careguard-data.v1,75,75
case-000387,1.0,careguard-data.v1,84,84
case-000388,1.0,careguard-data.v1,39,39
case-000389,1.0,careguard-data.v1,73,73
case-000390,1.0,careguard-data.v1,82,82
case-000391,1.0,careguard-data.v1,65,65
case-000392,1.0,careguard-data.v1,71,71
case-000393,1.0,careguard-data.v1,66,66
case-000394,1.0,careguard-data.v1,78,78
case-000395,1.0,careguard-data.v1,47,47
case-000396,1.0,careguard-data.v1,75,75
case-000397,1.0,careguard-data.v1,52,52
case-000398,1.0,careguard-data.v1,51,51
case-000399,1.0,careguard-data.v1,59,59
case-000400,1.0,careguard-data.v1,80,80
case-000401,1.0,careguard-data.v1,95,95
case-000402,1.0,careguard-data.v1,92,92
case-000403,1.0,careguard-data.v1,74,74
case-000404,1.0,careguard-data.v1,66,66
case-000405,1.0,careguard-data.v1,55,55
case-000406,1.0,careguard-data.v1,82,82
case-000407,1.0,careguard-data.v1,73,73
case-000408,1.0,careguard-data.v1,55,55
case-000409,1.0,careguard-data.v1,52,52
case-000410,1.0,careguard-data.v1,67,67
case-000411,1.0,careguard-data.v1,51,51
case-000412,1.0,careguard-data.v1,60,60
case-000413,1.0,careguard-data.v1,42,42
case-000414,1.0,careguard-data.v1,57,57
case-000415,1.0,careguard-data.v1,51,51
case-000416,1.0,careguard-data.v1,103,103
case-000417,1.0,careguard-data.v1,89,89
case-000418,1.0,careguard-data.v1,80,80
case-000419,1.0,careguard-data.v1,70,70
case-000420,1.0,careguard-data.v1,73,73
case-000421,1.0,careguard-data.v1,58,58
case-000422,1.0,careguard-data.v1,58,58
case-000423,1.0,careguard-data.v1,57,57
case-000424,1.0,careguard-data.v1,52,52
case-000425,1.0,careguard-data.v1,52,52
case-000426,1.0,careguard-data.v1,46,46
case-000427,1.0,careguard-data.v1,37,37
case-000428,1.0,careguard-data.v1,46,46
case-000429,1.0,careguard-data.v1,123,123
case-000430,1.0,careguard-data.v1,112,112
case-000431,1.0,careguard-data.v1,102,102
case-000432,1.0,careguard-data.v1,78,78
case-000433,1.0,careguard-data.v1,77,77
case-000434,1.0,careguard-data.v1,121,121
case-000435,1.0,careguard-data.v1,154,154
case-000436,1.0,careguard-data.v1,104,104
case-000437,1.0,careguard-data.v1,105,105
case-000438,1.0,careguard-data.v1,114,114
case-000439,1.0,careguard-data.v1,100,100
case-000440,1.0,careguard-data.v1,115,115
case-000441,1.0,careguard-data.v1,85,85
case-000442,1.0,careguard-data.v1,78,78
case-000443,1.0,careguard-data.v1,114,114
case-000444,1.0,careguard-data.v1,92,92
case-000445,1.0,careguard-data.v1,99,99
case-000446,1.0,careguard-data.v1,106,106
case-000447,1.0,careguard-data.v1,109,109
case-000448,1.0,careguard-data.v1,100,100
case-000449,1.0,careguard-data.v1,77,77
case-000450,1.0,careguard-data.v1,88,88
case-000451,1.0,careguard-data.v1,82,82
case-000452,1.0,careguard-data.v1,130,130
case-000453,1.0,careguard-data.v1,91,91
case-000454,1.0,careguard-data.v1,118,118
case-000455,1.0,careguard-data.v1,126,126
case-000456,1.0,careguard-data.v1,84,84
case-000457,1.0,careguard-data.v1,112,112
case-000458,1.0,careguard-data.v1,91,91
case-000459,1.0,careguard-data.v1,71,71
case-000460,1.0,careguard-data.v1,62,62
case-000461,1.0,careguard-data.v1,73,73
case-000462,1.0,careguard-data.v1,81,81
case-000463,1.0,careguard-data.v1,91,91
case-000464,1.0,careguard-data.v1,59,59
case-000465,1.0,careguard-data.v1,60,60
case-000466,1.0,careguard-data.v1,66,66
case-000467,1.0,careguard-data.v1,115,115
case-000468,1.0,careguard-data.v1,161,161
case-000469,1.0,careguard-data.v1,80,80
case-000470,1.0,careguard-data.v1,70,70
case-000471,1.0,careguard-data.v1,117,117
case-000472,1.0,careguard-data.v1,102,102
case-000473,1.0,careguard-data.v1,81,81
case-000474,1.0,careguard-data.v1,105,105
case-000475,1.0,careguard-data.v1,105,105
case-000476,1.0,careguard-data.v1,107,107
case-000477,1.0,careguard-data.v1,96,96
case-000478,1.0,careguard-data.v1,126,126
case-000479,1.0,careguard-data.v1,132,132
case-000480,1.0,careguard-data.v1,83,83
case-000481,1.0,careguard-data.v1,104,104
case-000482,1.0,careguard-data.v1,64,64
case-000483,1.0,careguard-data.v1,82,82
case-000484,1.0,careguard-data.v1,71,71
case-000485,1.0,careguard-data.v1,79,79
case-000486,1.0,careguard-data.v1,79,79
case-000487,1.0,careguard-data.v1,77,77
case-000488,1.0,careguard-data.v1,81,81
case-000489,1.0,careguard-data.v1,114,114
case-000490,1.0,careguard-data.v1,76,76
case-000491,1.0,careguard-data.v1,103,103
case-000492,1.0,careguard-data.v1,75,75
case-000493,1.0,careguard-data.v1,118,118
case-000494,1.0,careguard-data.v1,51,51
case-000495,1.0,careguard-data.v1,50,50
case-000496,1.0,careguard-data.v1,57,57
case-000497,1.0,careguard-data.v1,63,63
case-000498,1.0,careguard-data.v1,76,76
case-000499,1.0,careguard-data.v1,61,61
case-000500,1.0,careguard-data.v1,84,84
case-000501,1.0,careguard-data.v1,72,72
case-000502,1.0,careguard-data.v1,99,99
case-000503,1.0,careguard-data.v1,68,68
case-000504,1.0,careguard-data.v1,58,58
case-000505,1.0,careguard-data.v1,60,60
case-000506,1.0,careguard-data.v1,56,56
case-000507,1.0,careguard-data.v1,187,187
case-000508,1.0,careguard-data.v1,115,115
case-000509,1.0,careguard-data.v1,78,78
case-000510,1.0,careguard-data.v1,81,81
case-000511,1.0,careguard-data.v1,105,105
case-000512,1.0,careguard-data.v1,131,131
case-000513,1.0,careguard-data.v1,95,95
case-000514,1.0,careguard-data.v1,86,86
case-000515,1.0,careguard-data.v1,102,102
case-000516,1.0,careguard-data.v1,118,118
case-000517,1.0,careguard-data.v1,72,72
case-000518,1.0,careguard-data.v1,69,69
case-000519,1.0,careguard-data.v1,79,79
case-000520,1.0,careguard-data.v1,119,119
case-000521,1.0,careguard-data.v1,104,104
case-000522,1.0,careguard-data.v1,86,86
case-000523,1.0,careguard-data.v1,84,84
case-000524,1.0,careguard-data.v1,120,120
case-000525,1.0,careguard-data.v1,103,103
case-000526,1.0,careguard-data.v1,121,121
case-000527,1.0,careguard-data.v1,86,86
case-000528,1.0,careguard-data.v1,93,93
case-000529,1.0,careguard-data.v1,79,79
case-000530,1.0,careguard-data.v1,77,77
case-000531,1.0,careguard-data.v1,117,117
case-000532,1.0,careguard-data.v1,94,94
case-000533,1.0,careguard-data.v1,78,78
case-000534,1.0,careguard-data.v1,80,80
case-000535,1.0,careguard-data.v1,93,93
case-000536,1.0,careguard-data.v1,97,97
case-000537,1.0,careguard-data.v1,95,95
case-000538,1.0,careguard-data.v1,69,69
case-000539,1.0,careguard-data.v1,71,71
case-000540,1.0,careguard-data.v1,79,79
case-000541,1.0,careguard-data.v1,114,114
case-000542,1.0,careguard-data.v1,64,64
case-000543,1.0,careguard-data.v1,75,75
case-000544,1.0,careguard-data.v1,77,77
case-000545,1.0,careguard-data.v1,90,90
case-000546,1.0,careguard-data.v1,87,87
case-000547,1.0,careguard-data.v1,81,81
case-000548,1.0,careguard-data.v1,88,88
case-000549,1.0,careguard-data.v1,71,71
case-000550,1.0,careguard-data.v1,92,92
case-000551,1.0,careguard-data.v1,102,102
case-000552,1.0,careguard-data.v1,101,101
case-000553,1.0,careguard-data.v1,54,54
case-000554,1.0,careguard-data.v1,87,87
case-000555,1.0,careguard-data.v1,110,110
case-000556,1.0,careguard-data.v1,99,99
case-000557,1.0,careguard-data.v1,61,61
case-000558,1.0,careguard-data.v1,87,87
case-000559,1.0,careguard-data.v1,67,67
case-000560,1.0,careguard-data.v1,65,65
case-000561,1.0,careguard-data.v1,66,66
case-000562,1.0,careguard-data.v1,77,77
case-000563,1.0,careguard-data.v1,63,63
case-000564,1.0,careguard-data.v1,88,88
case-000565,1.0,careguard-data.v1,53,53
case-000566,1.0,careguard-data.v1,82,82
case-000567,1.0,careguard-data.v1,59,59
case-000568,1.0,careguard-data.v1,60,60
case-000569,1.0,careguard-data.v1,78,78
case-000570,1.0,careguard-data.v1,55,55
case-000571,1.0,careguard-data.v1,71,71
case-000572,1.0,careguard-data.v1,62,62
case-000573,1.0,careguard-data.v1,75,75
case-000574,1.0,careguard-data.v1,69,69
case-000575,1.0,careguard-data.v1,73,73
case-000576,1.0,careguard-data.v1,58,58
case-000577,1.0,careguard-data.v1,68,68
case-000578,1.0,careguard-data.v1,74,74
case-000579,1.0,careguard-data.v1,70,70
case-000580,1.0,careguard-data.v1,58,58
case-000581,1.0,careguard-data.v1,50,50
case-000582,1.0,careguard-data.v1,69,69
case-000583,1.0,careguard-data.v1,52,52
case-000584,1.0,careguard-data.v1,55,55
case-000585,1.0,careguard-data.v1,60,60
case-000586,1.0,careguard-data.v1,66,66
case-000587,1.0,careguard-data.v1,63,63
case-000588,1.0,careguard-data.v1,64,64
case-000589,1.0,careguard-data.v1,51,51
case-000590,1.0,careguard-data.v1,68,68
case-000591,1.0,careguard-data.v1,57,57
case-000592,1.0,careguard-data.v1,107,107
case-000593,1.0,careguard-data.v1,116,116
case-000594,1.0,careguard-data.v1,102,102
case-000595,1.0,careguard-data.v1,106,106
case-000596,1.0,careguard-data.v1,89,89
case-000597,1.0,careguard-data.v1,60,60
case-000598,1.0,careguard-data.v1,92,92
case-000599,1.0,careguard-data.v1,92,92
case-000600,1.0,careguard-data.v1,128,128
case-000601,1.0,careguard-data.v1,77,77
case-000602,1.0,careguard-data.v1,110,110
case-000603,1.0,careguard-data.v1,102,102
case-000604,1.0,careguard-data.v1,60,60
case-000605,1.0,careguard-data.v1,105,105
case-000606,1.0,careguard-data.v1,61,61
case-000607,1.0,careguard-data.v1,83,83
case-000608,1.0,careguard-data.v1,120,120
case-000609,1.0,careguard-data.v1,84,84
case-000610,1.0,careguard-data.v1,130,130
case-000611,1.0,careguard-data.v1,101,101
case-000612,1.0,careguard-data.v1,73,73
case-000613,1.0,careguard-data.v1,94,94
case-000614,1.0,careguard-data.v1,98,98
case-000615,1.0,careguard-data.v1,94,94
case-000616,1.0,careguard-data.v1,80,80
case-000617,1.0,careguard-data.v1,77,77
case-000618,1.0,careguard-data.v1,78,78
case-000619,1.0,careguard-data.v1,108,108
case-000620,1.0,careguard-data.v1,74,74
case-000621,1.0,careguard-data.v1,111,111
case-000622,1.0,careguard-data.v1,52,52
case-000623,1.0,careguard-data.v1,78,78
case-000624,1.0,careguard-data.v1,77,77
case-000625,1.0,careguard-data.v1,83,83
case-000626,1.0,careguard-data.v1,91,91
case-000627,1.0,careguard-data.v1,58,58
case-000628,1.0,careguard-data.v1,78,78
case-000629,1.0,careguard-data.v1,80,80
case-000630,1.0,careguard-data.v1,74,74
case-000631,1.0,careguard-data.v1,69,69
case-000632,1.0,careguard-data.v1,72,72
case-000633,1.0,careguard-data.v1,76,76
case-000634,1.0,careguard-data.v1,84,84
case-000635,1.0,careguard-data.v1,104,104
case-000636,1.0,careguard-data.v1,73,73
case-000637,1.0,careguard-data.v1,82,82
case-000638,1.0,careguard-data.v1,106,106
case-000639,1.0,careguard-data.v1,72,72
case-000640,1.0,careguard-data.v1,61,61
case-000641,1.0,careguard-data.v1,61,61
case-000642,1.0,careguard-data.v1,57,57
case-000643,1.0,careguard-data.v1,67,67
case-000644,1.0,careguard-data.v1,68,68
case-000645,1.0,careguard-data.v1,70,70
case-000646,1.0,careguard-data.v1,62,62
case-000647,1.0,careguard-data.v1,66,66
case-000648,1.0,careguard-data.v1,81,81
case-000649,1.0,careguard-data.v1,80,80
case-000650,1.0,careguard-data.v1,58,58
case-000651,1.0,careguard-data.v1,58,58
case-000652,1.0,careguard-data.v1,64,64
case-000653,1.0,careguard-data.v1,48,48
case-000654,1.0,careguard-data.v1,78,78
case-000655,1.0,careguard-data.v1,62,62
case-000656,1.0,careguard-data.v1,63,63
case-000657,1.0,careguard-data.v1,53,53
case-000658,1.0,careguard-data.v1,88,88
case-000659,1.0,careguard-data.v1,72,72
case-000660,1.0,careguard-data.v1,53,53
case-000661,1.0,careguard-data.v1,75,75
case-000662,1.0,careguard-data.v1,61,61
case-000663,1.0,careguard-data.v1,56,56
case-000664,1.0,careguard-data.v1,58,58
case-000665,1.0,careguard-data.v1,52,52
case-000666,1.0,careguard-data.v1,65,65
case-000667,1.0,careguard-data.v1,78,78
case-000668,1.0,careguard-data.v1,55,55
case-000669,1.0,careguard-data.v1,45,45
case-000670,1.0,careguard-data.v1,71,71
case-000671,1.0,careguard-data.v1,66,66
case-000672,1.0,careguard-data.v1,59,59
case-000673,1.0,careguard-data.v1,55,55
case-000674,1.0,careguard-data.v1,54,54
case-000675,1.0,careguard-data.v1,71,71
case-000676,1.0,careguard-data.v1,67,67
case-000677,1.0,careguard-data.v1,87,87
case-000678,1.0,careguard-data.v1,62,62
case-000679,1.0,careguard-data.v1,45,45
case-000680,1.0,careguard-data.v1,61,61
case-000681,1.0,careguard-data.v1,54,54
case-000682,1.0,careguard-data.v1,53,53
case-000683,1.0,careguard-data.v1,61,61
case-000684,1.0,careguard-data.v1,60,60
case-000685,1.0,careguard-data.v1,60,60
case-000686,1.0,careguard-data.v1,45,45
case-000687,1.0,careguard-data.v1,84,84
case-000688,1.0,careguard-data.v1,78,78
case-000689,1.0,careguard-data.v1,71,71
case-000690,1.0,careguard-data.v1,105,105
case-000691,1.0,careguard-data.v1,92,92
case-000692,1.0,careguard-data.v1,88,88
case-000693,1.0,careguard-data.v1,88,88
case-000694,1.0,careguard-data.v1,120,120
case-000695,1.0,careguard-data.v1,74,74
case-000696,1.0,careguard-data.v1,91,91
case-000697,1.0,careguard-data.v1,96,96
case-000698,1.0,careguard-data.v1,101,101
case-000699,1.0,careguard-data.v1,76,76
case-000700,1.0,careguard-data.v1,115,115
case-000701,1.0,careguard-data.v1,102,102
case-000702,1.0,careguard-data.v1,85,85
case-000703,1.0,careguard-data.v1,74,74
case-000704,1.0,careguard-data.v1,90,90
case-000705,1.0,careguard-data.v1,78,78
case-000706,1.0,careguard-data.v1,103,103
case-000707,1.0,careguard-data.v1,91,91
case-000708,1.0,careguard-data.v1,85,85
case-000709,1.0,careguard-data.v1,89,89
case-000710,1.0,careguard-data.v1,78,78
case-000711,1.0,careguard-data.v1,91,91
case-000712,1.0,careguard-data.v1,49,49
case-000713,1.0,careguard-data.v1,53,53
case-000714,1.0,careguard-data.v1,90,90
case-000715,1.0,careguard-data.v1,102,102
case-000716,1.0,careguard-data.v1,75,75
case-000717,1.0,careguard-data.v1,110,110
case-000718,1.0,careguard-data.v1,73,73
case-000719,1.0,careguard-data.v1,58,58
case-000720,1.0,careguard-data.v1,88,88
case-000721,1.0,careguard-data.v1,77,77
case-000722,1.0,careguard-data.v1,68,68
case-000723,1.0,careguard-data.v1,72,72
case-000724,1.0,careguard-data.v1,85,85
case-000725,1.0,careguard-data.v1,85,85
case-000726,1.0,careguard-data.v1,50,50
case-000727,1.0,careguard-data.v1,67,67
case-000728,1.0,careguard-data.v1,85,85
case-000729,1.0,careguard-data.v1,102,102
case-000730,1.0,careguard-data.v1,110,110
case-000731,1.0,careguard-data.v1,68,68
case-000732,1.0,careguard-data.v1,63,63
case-000733,1.0,careguard-data.v1,76,76
case-000734,1.0,careguard-data.v1,77,77
case-000735,1.0,careguard-data.v1,82,82
case-000736,1.0,careguard-data.v1,69,69
case-000737,1.0,careguard-data.v1,65,65
case-000738,1.0,careguard-data.v1,67,67
case-000739,1.0,careguard-data.v1,63,63
case-000740,1.0,careguard-data.v1,79,79
case-000741,1.0,careguard-data.v1,68,68
case-000742,1.0,careguard-data.v1,69,69
case-000743,1.0,careguard-data.v1,77,77
case-000744,1.0,careguard-data.v1,76,76
case-000745,1.0,careguard-data.v1,100,100
case-000746,1.0,careguard-data.v1,94,94
case-000747,1.0,careguard-data.v1,66,66
case-000748,1.0,careguard-data.v1,75,75
case-000749,1.0,careguard-data.v1,74,74
case-000750,1.0,careguard-data.v1,77,77
case-000751,1.0,careguard-data.v1,81,81
case-000752,1.0,careguard-data.v1,70,70
case-000753,1.0,careguard-data.v1,64,64
case-000754,1.0,careguard-data.v1,78,78
case-000755,1.0,careguard-data.v1,67,67
case-000756,1.0,careguard-data.v1,60,60
case-000757,1.0,careguard-data.v1,63,63
case-000758,1.0,careguard-data.v1,66,66
case-000759,1.0,careguard-data.v1,68,68
case-000760,1.0,careguard-data.v1,73,73
case-000761,1.0,careguard-data.v1,74,74
case-000762,1.0,careguard-data.v1,61,61
case-000763,1.0,careguard-data.v1,68,68
case-000764,1.0,careguard-data.v1,64,64
case-000765,1.0,careguard-data.v1,68,68
case-000766,1.0,careguard-data.v1,62,62
case-000767,1.0,careguard-data.v1,74,74
case-000768,1.0,careguard-data.v1,63,63
case-000769,1.0,careguard-data.v1,47,47
case-000770,1.0,careguard-data.v1,54,54
case-000771,1.0,careguard-data.v1,66,66
case-000772,1.0,careguard-data.v1,41,41
case-000773,1.0,careguard-data.v1,57,57
case-000774,1.0,careguard-data.v1,54,54
case-000775,1.0,careguard-data.v1,51,51
case-000776,1.0,careguard-data.v1,48,48
case-000777,1.0,careguard-data.v1,63,63
case-000778,1.0,careguard-data.v1,50,50
case-000779,1.0,careguard-data.v1,56,56
case-000780,1.0,careguard-data.v1,62,62
case-000781,1.0,careguard-data.v1,63,63
case-000782,1.0,careguard-data.v1,56,56
case-000783,1.0,careguard-data.v1,57,57
case-000784,1.0,careguard-data.v1,55,55
case-000785,1.0,careguard-data.v1,61,61
case-000786,1.0,careguard-data.v1,52,52
case-000787,1.0,careguard-data.v1,62,62
case-000788,1.0,careguard-data.v1,68,68
case-000789,1.0,careguard-data.v1,69,69
case-000790,1.0,careguard-data.v1,67,67
case-000791,1.0,careguard-data.v1,61,61
case-000792,1.0,careguard-data.v1,48,48
case-000793,1.0,careguard-data.v1,51,51
case-000794,1.0,careguard-data.v1,49,49
case-000795,1.0,careguard-data.v1,99,99
case-000796,1.0,careguard-data.v1,74,74
case-000797,1.0,careguard-data.v1,94,94
case-000798,1.0,careguard-data.v1,72,72
case-000799,1.0,careguard-data.v1,114,114
case-000800,1.0,careguard-data.v1,59,59
case-000801,1.0,careguard-data.v1,101,101
case-000802,1.0,careguard-data.v1,97,97
case-000803,1.0,careguard-data.v1,86,86
case-000804,1.0,careguard-data.v1,86,86
case-000805,1.0,careguard-data.v1,90,90
case-000806,1.0,careguard-data.v1,84,84
case-000807,1.0,careguard-data.v1,100,100
case-000808,1.0,careguard-data.v1,103,103
case-000809,1.0,careguard-data.v1,50,50
case-000810,1.0,careguard-data.v1,76,76
case-000811,1.0,careguard-data.v1,77,77
case-000812,1.0,careguard-data.v1,78,78
case-000813,1.0,careguard-data.v1,87,87
case-000814,1.0,careguard-data.v1,69,69
case-000815,1.0,careguard-data.v1,69,69
case-000816,1.0,careguard-data.v1,88,88
case-000817,1.0,careguard-data.v1,71,71
case-000818,1.0,careguard-data.v1,85,85
case-000819,1.0,careguard-data.v1,97,97
case-000820,1.0,careguard-data.v1,68,68
case-000821,1.0,careguard-data.v1,76,76
case-000822,1.0,careguard-data.v1,68,68
case-000823,1.0,careguard-data.v1,74,74
case-000824,1.0,careguard-data.v1,82,82
case-000825,1.0,careguard-data.v1,81,81
case-000826,1.0,careguard-data.v1,86,86
case-000827,1.0,careguard-data.v1,91,91
case-000828,1.0,careguard-data.v1,87,87
case-000829,1.0,careguard-data.v1,74,74
case-000830,1.0,careguard-data.v1,75,75
case-000831,1.0,careguard-data.v1,67,67
case-000832,1.0,careguard-data.v1,56,56
case-000833,1.0,careguard-data.v1,66,66
case-000834,1.0,careguard-data.v1,79,79
case-000835,1.0,careguard-data.v1,88,88
case-000836,1.0,careguard-data.v1,69,69
case-000837,1.0,careguard-data.v1,42,42
case-000838,1.0,careguard-data.v1,78,78
case-000839,1.0,careguard-data.v1,67,67
case-000840,1.0,careguard-data.v1,51,51
case-000841,1.0,careguard-data.v1,66,66
case-000842,1.0,careguard-data.v1,61,61
case-000843,1.0,careguard-data.v1,53,53
case-000844,1.0,careguard-data.v1,73,73
case-000845,1.0,careguard-data.v1,74,74
case-000846,1.0,careguard-data.v1,65,65
case-000847,1.0,careguard-data.v1,63,63
case-000848,1.0,careguard-data.v1,69,69
case-000849,1.0,careguard-data.v1,75,75
case-000850,1.0,careguard-data.v1,77,77
case-000851,1.0,careguard-data.v1,50,50
case-000852,1.0,careguard-data.v1,57,57
case-000853,1.0,careguard-data.v1,71,71
case-000854,1.0,careguard-data.v1,66,66
case-000855,1.0,careguard-data.v1,58,58
case-000856,1.0,careguard-data.v1,69,69
case-000857,1.0,careguard-data.v1,50,50
case-000858,1.0,careguard-data.v1,59,59
case-000859,1.0,careguard-data.v1,69,69
case-000860,1.0,careguard-data.v1,91,91
case-000861,1.0,careguard-data.v1,61,61
case-000862,1.0,careguard-data.v1,53,53
case-000863,1.0,careguard-data.v1,63,63
case-000864,1.0,careguard-data.v1,64,64
case-000865,1.0,careguard-data.v1,63,63
case-000866,1.0,careguard-data.v1,54,54
case-000867,1.0,careguard-data.v1,85,85
case-000868,1.0,careguard-data.v1,57,57
case-000869,1.0,careguard-data.v1,54,54
case-000870,1.0,careguard-data.v1,69,69
case-000871,1.0,careguard-data.v1,45,45
case-000872,1.0,careguard-data.v1,63,63
case-000873,1.0,careguard-data.v1,54,54
case-000874,1.0,careguard-data.v1,49,49
case-000875,1.0,careguard-data.v1,52,52
case-000876,1.0,careguard-data.v1,48,48
case-000877,1.0,careguard-data.v1,60,60
case-000878,1.0,careguard-data.v1,49,49
case-000879,1.0,careguard-data.v1,50,50
case-000880,1.0,careguard-data.v1,50,50
case-000881,1.0,careguard-data.v1,59,59
case-000882,1.0,careguard-data.v1,46,46
case-000883,1.0,careguard-data.v1,56,56
case-000884,1.0,careguard-data.v1,42,42
case-000885,1.0,careguard-data.v1,50,50
case-000886,1.0,careguard-data.v1,47,47
case-000887,1.0,careguard-data.v1,77,77
case-000888,1.0,careguard-data.v1,106,106
case-000889,1.0,careguard-data.v1,90,90
case-000890,1.0,careguard-data.v1,81,81
case-000891,1.0,careguard-data.v1,61,61
case-000892,1.0,careguard-data.v1,105,105
case-000893,1.0,careguard-data.v1,102,102
case-000894,1.0,careguard-data.v1,100,100
case-000895,1.0,careguard-data.v1,79,79
case-000896,1.0,careguard-data.v1,102,102
case-000897,1.0,careguard-data.v1,78,78
case-000898,1.0,careguard-data.v1,103,103
case-000899,1.0,careguard-data.v1,94,94
case-000900,1.0,careguard-data.v1,81,81
case-000901,1.0,careguard-data.v1,88,88
case-000902,1.0,careguard-data.v1,80,80
case-000903,1.0,careguard-data.v1,76,76
case-000904,1.0,careguard-data.v1,65,65
case-000905,1.0,careguard-data.v1,71,71
case-000906,1.0,careguard-data.v1,83,83
case-000907,1.0,careguard-data.v1,71,71
case-000908,1.0,careguard-data.v1,75,75
case-000909,1.0,careguard-data.v1,70,70
case-000910,1.0,careguard-data.v1,61,61
case-000911,1.0,careguard-data.v1,84,84
case-000912,1.0,careguard-data.v1,70,70
case-000913,1.0,careguard-data.v1,60,60
case-000914,1.0,careguard-data.v1,71,71
case-000915,1.0,careguard-data.v1,61,61
case-000916,1.0,careguard-data.v1,44,44
case-000917,1.0,careguard-data.v1,77,77
case-000918,1.0,careguard-data.v1,61,61
case-000919,1.0,careguard-data.v1,65,65
case-000920,1.0,careguard-data.v1,65,65
case-000921,1.0,careguard-data.v1,76,76
case-000922,1.0,careguard-data.v1,85,85
case-000923,1.0,careguard-data.v1,61,61
case-000924,1.0,careguard-data.v1,59,59
case-000925,1.0,careguard-data.v1,51,51
case-000926,1.0,careguard-data.v1,64,64
case-000927,1.0,careguard-data.v1,71,71
case-000928,1.0,careguard-data.v1,58,58
case-000929,1.0,careguard-data.v1,64,64
case-000930,1.0,careguard-data.v1,63,63
case-000931,1.0,careguard-data.v1,50,50
case-000932,1.0,careguard-data.v1,55,55
case-000933,1.0,careguard-data.v1,59,59
case-000934,1.0,careguard-data.v1,51,51
case-000935,1.0,careguard-data.v1,49,49
case-000936,1.0,careguard-data.v1,47,47
case-000937,1.0,careguard-data.v1,56,56
case-000938,1.0,careguard-data.v1,65,65
case-000939,1.0,careguard-data.v1,62,62
case-000940,1.0,careguard-data.v1,50,50
case-000941,1.0,careguard-data.v1,57,57
case-000942,1.0,careguard-data.v1,54,54
case-000943,1.0,careguard-data.v1,58,58
case-000944,1.0,careguard-data.v1,53,53
case-000945,1.0,careguard-data.v1,50,50
case-000946,1.0,careguard-data.v1,47,47
case-000947,1.0,careguard-data.v1,61,61
case-000948,1.0,careguard-data.v1,44,44
case-000949,1.0,careguard-data.v1,53,53
case-000950,1.0,careguard-data.v1,45,45
case-000951,1.0,careguard-data.v1,45,45
case-000952,1.0,careguard-data.v1,49,49
case-000953,1.0,careguard-data.v1,47,47
case-000954,1.0,careguard-data.v1,48,48
case-000955,1.0,careguard-data.v1,56,56
case-000956,1.0,careguard-data.v1,86,86
case-000957,1.0,careguard-data.v1,60,60
case-000958,1.0,careguard-data.v1,51,51
case-000959,1.0,careguard-data.v1,87,87
case-000960,1.0,careguard-data.v1,58,58
case-000961,1.0,careguard-data.v1,78,78
case-000962,1.0,careguard-data.v1,58,58
case-000963,1.0,careguard-data.v1,60,60
case-000964,1.0,careguard-data.v1,67,67
case-000965,1.0,careguard-data.v1,54,54
case-000966,1.0,careguard-data.v1,45,45
case-000967,1.0,careguard-data.v1,50,50
case-000968,1.0,careguard-data.v1,55,55
case-000969,1.0,careguard-data.v1,56,56
case-000970,1.0,careguard-data.v1,104,104
case-000971,1.0,careguard-data.v1,85,85
case-000972,1.0,careguard-data.v1,70,70
case-000973,1.0,careguard-data.v1,67,67
case-000974,1.0,careguard-data.v1,50,50
case-000975,1.0,careguard-data.v1,56,56
case-000976,1.0,careguard-data.v1,67,67
case-000977,1.0,careguard-data.v1,50,50
case-000978,1.0,careguard-data.v1,52,52
case-000979,1.0,careguard-data.v1,59,59
case-000980,1.0,careguard-data.v1,56,56
case-000981,1.0,careguard-data.v1,49,49
case-000982,1.0,careguard-data.v1,93,93
case-000983,1.0,careguard-data.v1,78,78
case-000984,1.0,careguard-data.v1,101,101
case-000985,1.0,careguard-data.v1,90,90
case-000986,1.0,careguard-data.v1,73,73
case-000987,1.0,careguard-data.v1,85,85
case-000988,1.0,careguard-data.v1,79,79
case-000989,1.0,careguard-data.v1,78,78
case-000990,1.0,careguard-data.v1,89,89
case-000991,1.0,careguard-data.v1,61,61
case-000992,1.0,careguard-data.v1,81,81
case-000993,1.0,careguard-data.v1,55,55
case-000994,1.0,careguard-data.v1,80,80
case-000995,1.0,careguard-data.v1,49,49
case-000996,1.0,careguard-data.v1,62,62
case-000997,1.0,careguard-data.v1,52,52
case-000998,1.0,careguard-data.v1,54,54
case-000999,1.0,careguard-data.v1,53,53
case-001000,1.0,careguard-data.v1,60,60
