case_id,allergy_conflicts_correct,contraindications_correct,medications_correct,missing_info_correct,adjudicator_id,notes
case-000001,,,,,,
case-000002,,,,,,
case-000003,,,,,,
case-000004,,,,,,
case-000005,,,,,,
case-000006,,,,,,
case-000007,,,,,,
case-000008,,,,,,
case-000009,,,,,,
case-000010,,,,,,
case-000011,,,,,,
case-000012,,,,,,
case-000013,,,,,,
case-000014,,,,,,
case-000015,,,,,,
case-000016,,,,,,
case-000017,,,,,,
case-000018,,,,,,
case-000019,,,,,,
case-000020,,,,,,
case-000021,,,,,,
case-000022,,,,,,
case-000023,,,,,,
case-000024,,,,,,
case-000025,,,,,,
case-000026,,,,,,
case-000027,,,,,,
case-000028,,,,,,
case-000041,,,,,,
case-000042,,,,,,
case-000043,,,,,,
case-000059,,,,,,
case-000060,,,,,,
case-000061,,,,,,
case-000062,,,,,,
case-000063,,,,,,
case-000064,,,,,,
case-000065,,,,,,
case-000070,,,,,,
case-000087,,,,,,
case-000115,,,,,,
case-000116,,,,,,
case-000128,,,,,,
case-000151,,,,,,
case-000157,,,,,,
case-000166,,,,,,
case-000167,,,,,,
case-000169,,,,,,
case-000171,,,,,,
case-000192,,,,,,
case-000193,,,,,,
case-000215,,,,,,
case-000250,,,,,,
case-000289,,,,,,
case-000297,,,,,,
case-000301,,,,,,
case-000316,,,,,,
case-000317,,,,,,
case-000325,,,,,,
case-000328,,,,,,
case-000331,,,,,,
case-000348,,,,,,
case-000372,,,,,,
case-000375,,,,,,
case-000381,,,,,,
case-000391,,,,,,
case-000400,,,,,,
case-000424,,,,,,
case-000461,,,,,,
case-000488,,,,,,
case-000517,,,,,,
case-000518,,,,,,
case-000591,,,,,,
case-000672,,,,,,
case-000674,,,,,,
case-000683,,,,,,
case-000685,,,,,,
case-000686,,,,,,
case-000787,,,,,,
case-000984,,,,,,
