case_id,stratum,med_band,n_allergy_conflicts,n_contraindication_signals,n_medications
case-000001,poly|False|True,poly,0,10,35
case-000002,poly|False|True,poly,0,14,25
case-000003,poly|False|True,poly,0,16,35
case-000004,poly|False|True,poly,0,24,46
case-000005,many|False|True,many,0,2,8
case-000006,few|False|True,few,0,4,8
case-000007,poly|False|True,poly,0,14,40
case-000008,poly|False|True,poly,0,13,28
case-000009,poly|False|True,poly,0,15,46
case-000010,poly|False|True,poly,0,10,13
case-000011,poly|False|True,poly,0,9,27
case-000012,poly|False|True,poly,0,12,22
case-000013,many|False|True,many,0,7,19
case-000014,many|False|True,many,0,1,6
case-000015,many|False|True,many,0,2,8
case-000016,many|False|True,many,0,4,18
case-000017,many|False|True,many,0,3,9
case-000018,many|False|True,many,0,4,15
case-000019,many|False|True,many,0,4,7
case-000020,many|False|True,many,0,5,9
case-000021,many|False|True,many,0,3,7
case-000022,few|False|True,few,0,2,8
case-000023,few|False|True,few,0,1,8
case-000024,few|False|True,few,0,1,2
case-000025,few|False|True,few,0,2,5
case-000026,poly|False|True,poly,0,2,19
case-000027,poly|False|True,poly,0,15,31
case-000028,poly|False|True,poly,0,7,14
case-000041,many|False|True,many,0,11,30
case-000042,many|False|True,many,0,9,17
case-000043,many|False|True,many,0,7,19
case-000059,few|False|True,few,0,1,10
case-000060,few|False|True,few,0,1,9
case-000061,few|False|True,few,0,3,5
case-000062,few|False|True,few,0,1,6
case-000063,few|False|True,few,0,1,8
case-000064,few|False|True,few,0,3,7
case-000065,few|False|True,few,0,2,5
case-000070,poly|True|True,poly,1,17,46
case-000087,poly|True|True,poly,1,6,13
case-000115,few|False|False,few,0,0,10
case-000116,few|False|True,few,0,3,10
case-000128,poly|True|True,poly,2,5,24
case-000151,many|True|True,many,2,6,18
case-000157,many|False|False,many,0,0,16
case-000166,many|True|True,many,1,2,6
case-000167,many|False|False,many,0,0,6
case-000169,many|False|False,many,0,0,9
case-000171,many|False|False,many,0,0,16
case-000192,few|False|False,few,0,0,7
case-000193,few|False|False,few,0,0,3
case-000215,poly|False|False,poly,0,0,30
case-000250,many|False|False,many,0,0,15
case-000289,poly|False|False,poly,0,0,21
case-000297,many|False|False,many,0,0,15
case-000301,many|False|False,many,0,0,23
case-000316,many|False|False,many,0,0,6
case-000317,many|False|False,many,0,0,11
case-000325,few|False|False,few,0,0,10
case-000328,few|True|True,few,1,2,7
case-000331,few|False|False,few,0,0,6
case-000348,poly|True|True,poly,1,7,33
case-000372,many|False|False,many,0,0,17
case-000375,many|True|True,many,1,3,10
case-000381,few|False|False,few,0,0,4
case-000391,poly|False|False,poly,0,0,14
case-000400,poly|True|True,poly,1,7,21
case-000424,many|False|False,many,0,0,10
case-000461,many|False|False,many,0,0,15
case-000488,many|False|False,many,0,0,7
case-000517,poly|False|False,poly,0,0,11
case-000518,poly|False|False,poly,0,0,3
case-000591,few|False|False,few,0,0,3
case-000672,few|False|False,few,0,0,6
case-000674,few|False|False,few,0,0,8
case-000683,few|False|False,few,0,0,2
case-000685,few|False|False,few,0,0,3
case-000686,few|False|False,few,0,0,2
case-000787,few|False|False,few,0,0,6
case-000984,poly|True|True,poly,1,15,38
