case_id,overall_completeness_score,n_warnings,cardiac_context,noncardiac_morbidity,medication_coverage,lab_coverage,vital_coverage,allergy_coverage,treatment_coverage,ecg_coverage,fhir_validation,provenance_coverage
case-000001,0.9833,0,1.0,1.0,1.0,1.0,0.8333,1.0,1.0,1.0,1.0,1.0
case-000002,0.9833,1,1.0,1.0,1.0,1.0,0.8333,1.0,1.0,1.0,1.0,1.0
case-000003,0.9833,1,1.0,1.0,1.0,1.0,0.8333,1.0,1.0,1.0,1.0,1.0
case-000004,0.9833,0,1.0,1.0,1.0,1.0,0.8333,1.0,1.0,1.0,1.0,1.0
case-000005,0.9833,1,1.0,1.0,1.0,1.0,0.8333,1.0,1.0,1.0,1.0,1.0
case-000006,0.9833,1,1.0,1.0,1.0,1.0,0.8333,1.0,1.0,1.0,1.0,1.0
case-000007,0.9833,1,1.0,1.0,1.0,1.0,0.8333,1.0,1.0,1.0,1.0,1.0
case-000008,0.8933,0,0.5,1.0,1.0,1.0,0.8333,1.0,1.0,1.0,1.0,1.0
case-000009,0.9833,0,1.0,1.0,1.0,1.0,0.8333,1.0,1.0,1.0,1.0,1.0
case-000010,0.9833,0,1.0,1.0,1.0,1.0,0.8333,1.0,1.0,1.0,1.0,1.0
case-000011,0.9833,0,1.0,1.0,1.0,1.0,0.8333,1.0,1.0,1.0,1.0,1.0
case-000012,1.0,0,1.0,1.0,1.0,1.0,1.0,1.0,1.0,1.0,1.0,1.0
case-000013,0.8933,0,0.5,1.0,1.0,1.0,0.8333,1.0,1.0,1.0,1.0,1.0
case-000014,0.9667,1,1.0,1.0,1.0,1.0,0.6667,1.0,1.0,1.0,1.0,1.0
case-000015,0.9833,0,1.0,1.0,1.0,1.0,0.8333,1.0,1.0,1.0,1.0,1.0
case-000016,0.9833,1,1.0,1.0,1.0,1.0,0.8333,1.0,1.0,1.0,1.0,1.0
case-000017,0.9833,1,1.0,1.0,1.0,1.0,0.8333,1.0,1.0,1.0,1.0,1.0
case-000018,0.9833,0,1.0,1.0,1.0,1.0,0.8333,1.0,1.0,1.0,1.0,1.0
case-000019,0.9833,1,1.0,1.0,1.0,1.0,0.8333,1.0,1.0,1.0,1.0,1.0
case-000020,0.9833,1,1.0,1.0,1.0,1.0,0.8333,1.0,1.0,1.0,1.0,1.0
case-000021,0.9833,1,1.0,1.0,1.0,1.0,0.8333,1.0,1.0,1.0,1.0,1.0
case-000022,0.9667,0,1.0,1.0,1.0,1.0,0.6667,1.0,1.0,1.0,1.0,1.0
case-000023,1.0,0,1.0,1.0,1.0,1.0,1.0,1.0,1.0,1.0,1.0,1.0
case-000024,0.928,0,1.0,1.0,0.4,1.0,1.0,1.0,1.0,1.0,1.0,1.0
case-000025,0.9667,1,1.0,1.0,1.0,1.0,0.6667,1.0,1.0,1.0,1.0,1.0
case-000026,0.9833,0,1.0,1.0,1.0,1.0,0.8333,1.0,1.0,1.0,1.0,1.0
case-000027,0.9833,0,1.0,1.0,1.0,1.0,0.8333,1.0,1.0,1.0,1.0,1.0
case-000028,0.9833,0,1.0,1.0,1.0,1.0,0.8333,1.0,1.0,1.0,1.0,1.0
case-000029,0.9833,0,1.0,1.0,1.0,1.0,0.8333,1.0,1.0,1.0,1.0,1.0
case-000030,0.9833,0,1.0,1.0,1.0,1.0,0.8333,1.0,1.0,1.0,1.0,1.0
case-000031,0.9833,0,1.0,1.0,1.0,1.0,0.8333,1.0,1.0,1.0,1.0,1.0
case-000032,0.9833,0,1.0,1.0,1.0,1.0,0.8333,1.0,1.0,1.0,1.0,1.0
case-000033,0.9833,0,1.0,1.0,1.0,1.0,0.8333,1.0,1.0,1.0,1.0,1.0
case-000034,0.9833,1,1.0,1.0,1.0,1.0,0.8333,1.0,1.0,1.0,1.0,1.0
case-000035,0.8933,0,0.5,1.0,1.0,1.0,0.8333,1.0,1.0,1.0,1.0,1.0
case-000036,0.9833,1,1.0,1.0,1.0,1.0,0.8333,1.0,1.0,1.0,1.0,1.0
case-000037,0.9833,0,1.0,1.0,1.0,1.0,0.8333,1.0,1.0,1.0,1.0,1.0
case-000038,0.9833,0,1.0,1.0,1.0,1.0,0.8333,1.0,1.0,1.0,1.0,1.0
case-000039,0.9833,0,1.0,1.0,1.0,1.0,0.8333,1.0,1.0,1.0,1.0,1.0
case-000040,0.9833,1,1.0,1.0,1.0,1.0,0.8333,1.0,1.0,1.0,1.0,1.0
case-000041,0.9833,0,1.0,1.0,1.0,1.0,0.8333,1.0,1.0,1.0,1.0,1.0
case-000042,0.9833,1,1.0,1.0,1.0,1.0,0.8333,1.0,1.0,1.0,1.0,1.0
case-000043,0.9833,0,1.0,1.0,1.0,1.0,0.8333,1.0,1.0,1.0,1.0,1.0
case-000044,0.91,1,0.5,1.0,1.0,1.0,1.0,1.0,1.0,1.0,1.0,1.0
case-000045,0.9833,0,1.0,1.0,1.0,1.0,0.8333,1.0,1.0,1.0,1.0,1.0
case-000046,0.9833,1,1.0,1.0,1.0,1.0,0.8333,1.0,1.0,1.0,1.0,1.0
case-000047,0.9833,0,1.0,1.0,1.0,1.0,0.8333,1.0,1.0,1.0,1.0,1.0
case-000048,0.952,1,1.0,1.0,0.6,1.0,1.0,1.0,1.0,1.0,1.0,1.0
case-000049,0.9833,0,1.0,1.0,1.0,1.0,0.8333,1.0,1.0,1.0,1.0,1.0
case-000050,0.9833,1,1.0,1.0,1.0,1.0,0.8333,1.0,1.0,1.0,1.0,1.0
case-000051,0.9833,1,1.0,1.0,1.0,1.0,0.8333,1.0,1.0,1.0,1.0,1.0
case-000052,0.9833,0,1.0,1.0,1.0,1.0,0.8333,1.0,1.0,1.0,1.0,1.0
case-000053,0.9833,1,1.0,1.0,1.0,1.0,0.8333,1.0,1.0,1.0,1.0,1.0
case-000054,0.8933,0,0.5,1.0,1.0,1.0,0.8333,1.0,1.0,1.0,1.0,1.0
case-000055,1.0,0,1.0,1.0,1.0,1.0,1.0,1.0,1.0,1.0,1.0,1.0
case-000056,1.0,0,1.0,1.0,1.0,1.0,1.0,1.0,1.0,1.0,1.0,1.0
case-000057,0.9833,1,1.0,1.0,1.0,1.0,0.8333,1.0,1.0,1.0,1.0,1.0
case-000058,0.9833,1,1.0,1.0,1.0,1.0,0.8333,1.0,1.0,1.0,1.0,1.0
case-000059,1.0,1,1.0,1.0,1.0,1.0,1.0,1.0,1.0,1.0,1.0,1.0
case-000060,0.9833,0,1.0,1.0,1.0,1.0,0.8333,1.0,1.0,1.0,1.0,1.0
case-000061,0.9833,1,1.0,1.0,1.0,1.0,0.8333,1.0,1.0,1.0,1.0,1.0
case-000062,0.9667,1,1.0,1.0,1.0,1.0,0.6667,1.0,1.0,1.0,1.0,1.0
case-000063,0.9833,1,1.0,1.0,1.0,1.0,0.8333,1.0,1.0,1.0,1.0,1.0
case-000064,0.9833,1,1.0,1.0,1.0,1.0,0.8333,1.0,1.0,1.0,1.0,1.0
case-000065,0.9667,1,1.0,1.0,1.0,1.0,0.6667,1.0,1.0,1.0,1.0,1.0
case-000066,0.9833,0,1.0,1.0,1.0,1.0,0.8333,1.0,1.0,1.0,1.0,1.0
case-000067,1.0,0,1.0,1.0,1.0,1.0,1.0,1.0,1.0,1.0,1.0,1.0
case-000068,0.9833,0,1.0,1.0,1.0,1.0,0.8333,1.0,1.0,1.0,1.0,1.0
case-000069,1.0,1,1.0,1.0,1.0,1.0,1.0,1.0,1.0,1.0,1.0,1.0
case-000070,0.9833,0,1.0,1.0,1.0,1.0,0.8333,1.0,1.0,1.0,1.0,1.0
case-000071,0.9833,0,1.0,1.0,1.0,1.0,0.8333,1.0,1.0,1.0,1.0,1.0
case-000072,0.9833,1,1.0,1.0,1.0,1.0,0.8333,1.0,1.0,1.0,1.0,1.0
case-000073,0.9833,1,1.0,1.0,1.0,1.0,0.8333,1.0,1.0,1.0,1.0,1.0
case-000074,0.9833,1,1.0,1.0,1.0,1.0,0.8333,1.0,1.0,1.0,1.0,1.0
case-000075,0.9833,1,1.0,1.0,1.0,1.0,0.8333,1.0,1.0,1.0,1.0,1.0
case-000076,1.0,0,1.0,1.0,1.0,1.0,1.0,1.0,1.0,1.0,1.0,1.0
case-000077,0.9833,0,1.0,1.0,1.0,1.0,0.8333,1.0,1.0,1.0,1.0,1.0
case-000078,0.9833,1,1.0,1.0,1.0,1.0,0.8333,1.0,1.0,1.0,1.0,1.0
case-000079,0.9833,0,1.0,1.0,1.0,1.0,0.8333,1.0,1.0,1.0,1.0,1.0
case-000080,0.9833,1,1.0,1.0,1.0,1.0,0.8333,1.0,1.0,1.0,1.0,1.0
case-000081,0.9833,0,1.0,1.0,1.0,1.0,0.8333,1.0,1.0,1.0,1.0,1.0
case-000082,0.9833,0,1.0,1.0,1.0,1.0,0.8333,1.0,1.0,1.0,1.0,1.0
case-000083,0.9833,0,1.0,1.0,1.0,1.0,0.8333,1.0,1.0,1.0,1.0,1.0
case-000084,0.9833,1,1.0,1.0,1.0,1.0,0.8333,1.0,1.0,1.0,1.0,1.0
case-000085,0.8933,0,0.5,1.0,1.0,1.0,0.8333,1.0,1.0,1.0,1.0,1.0
case-000086,0.9833,1,1.0,1.0,1.0,1.0,0.8333,1.0,1.0,1.0,1.0,1.0
case-000087,0.9833,1,1.0,1.0,1.0,1.0,0.8333,1.0,1.0,1.0,1.0,1.0
case-000088,0.9833,0,1.0,1.0,1.0,1.0,0.8333,1.0,1.0,1.0,1.0,1.0
case-000089,0.9833,0,1.0,1.0,1.0,1.0,0.8333,1.0,1.0,1.0,1.0,1.0
case-000090,1.0,1,1.0,1.0,1.0,1.0,1.0,1.0,1.0,1.0,1.0,1.0
case-000091,0.8933,1,0.5,1.0,1.0,1.0,0.8333,1.0,1.0,1.0,1.0,1.0
case-000092,0.9833,1,1.0,1.0,1.0,1.0,0.8333,1.0,1.0,1.0,1.0,1.0
case-000093,0.9833,0,1.0,1.0,1.0,1.0,0.8333,1.0,1.0,1.0,1.0,1.0
case-000094,0.9667,0,1.0,1.0,1.0,1.0,0.6667,1.0,1.0,1.0,1.0,1.0
case-000095,0.9833,1,1.0,1.0,1.0,1.0,0.8333,1.0,1.0,1.0,1.0,1.0
case-000096,0.9833,1,1.0,1.0,1.0,1.0,0.8333,1.0,1.0,1.0,1.0,1.0
case-000097,0.9833,1,1.0,1.0,1.0,1.0,0.8333,1.0,1.0,1.0,1.0,1.0
case-000098,0.9833,1,1.0,1.0,1.0,1.0,0.8333,1.0,1.0,1.0,1.0,1.0
case-000099,0.8933,1,0.5,1.0,1.0,1.0,0.8333,1.0,1.0,1.0,1.0,1.0
case-000100,0.9833,1,1.0,1.0,1.0,1.0,0.8333,1.0,1.0,1.0,1.0,1.0
case-000101,0.8933,1,0.5,1.0,1.0,1.0,0.8333,1.0,1.0,1.0,1.0,1.0
case-000102,0.9833,1,1.0,1.0,1.0,1.0,0.8333,1.0,1.0,1.0,1.0,1.0
case-000103,0.8933,0,0.5,1.0,1.0,1.0,0.8333,1.0,1.0,1.0,1.0,1.0
case-000104,1.0,0,1.0,1.0,1.0,1.0,1.0,1.0,1.0,1.0,1.0,1.0
case-000105,0.9833,1,1.0,1.0,1.0,1.0,0.8333,1.0,1.0,1.0,1.0,1.0
case-000106,0.9833,1,1.0,1.0,1.0,1.0,0.8333,1.0,1.0,1.0,1.0,1.0
case-000107,0.9833,1,1.0,1.0,1.0,1.0,0.8333,1.0,1.0,1.0,1.0,1.0
case-000108,0.9833,0,1.0,1.0,1.0,1.0,0.8333,1.0,1.0,1.0,1.0,1.0
case-000109,0.9683,0,1.0,1.0,1.0,0.875,0.8333,1.0,1.0,1.0,1.0,1.0
case-000110,0.8947,1,1.0,1.0,0.4,1.0,0.6667,1.0,1.0,1.0,1.0,1.0
case-000111,0.8933,0,0.5,1.0,1.0,1.0,0.8333,1.0,1.0,1.0,1.0,1.0
case-000112,0.8933,1,0.5,1.0,1.0,1.0,0.8333,1.0,1.0,1.0,1.0,1.0
case-000113,0.9833,0,1.0,1.0,1.0,1.0,0.8333,1.0,1.0,1.0,1.0,1.0
case-000114,0.9833,1,1.0,1.0,1.0,1.0,0.8333,1.0,1.0,1.0,1.0,1.0
case-000115,0.9833,0,1.0,1.0,1.0,1.0,0.8333,1.0,1.0,1.0,1.0,1.0
case-000116,0.9833,0,1.0,1.0,1.0,1.0,0.8333,1.0,1.0,1.0,1.0,1.0
case-000117,0.9833,1,1.0,1.0,1.0,1.0,0.8333,1.0,1.0,1.0,1.0,1.0
case-000118,0.9833,1,1.0,1.0,1.0,1.0,0.8333,1.0,1.0,1.0,1.0,1.0
case-000119,0.9833,0,1.0,1.0,1.0,1.0,0.8333,1.0,1.0,1.0,1.0,1.0
case-000120,0.9833,0,1.0,1.0,1.0,1.0,0.8333,1.0,1.0,1.0,1.0,1.0
case-000121,0.9833,1,1.0,1.0,1.0,1.0,0.8333,1.0,1.0,1.0,1.0,1.0
case-000122,1.0,1,1.0,1.0,1.0,1.0,1.0,1.0,1.0,1.0,1.0,1.0
case-000123,0.9833,1,1.0,1.0,1.0,1.0,0.8333,1.0,1.0,1.0,1.0,1.0
case-000124,0.9833,1,1.0,1.0,1.0,1.0,0.8333,1.0,1.0,1.0,1.0,1.0
case-000125,0.9833,0,1.0,1.0,1.0,1.0,0.8333,1.0,1.0,1.0,1.0,1.0
case-000126,0.9833,0,1.0,1.0,1.0,1.0,0.8333,1.0,1.0,1.0,1.0,1.0
case-000127,0.9667,0,1.0,1.0,1.0,1.0,0.6667,1.0,1.0,1.0,1.0,1.0
case-000128,0.9833,0,1.0,1.0,1.0,1.0,0.8333,1.0,1.0,1.0,1.0,1.0
case-000129,0.9833,0,1.0,1.0,1.0,1.0,0.8333,1.0,1.0,1.0,1.0,1.0
case-000130,0.9833,1,1.0,1.0,1.0,1.0,0.8333,1.0,1.0,1.0,1.0,1.0
case-000131,0.9833,1,1.0,1.0,1.0,1.0,0.8333,1.0,1.0,1.0,1.0,1.0
case-000132,0.9833,0,1.0,1.0,1.0,1.0,0.8333,1.0,1.0,1.0,1.0,1.0
case-000133,0.9833,0,1.0,1.0,1.0,1.0,0.8333,1.0,1.0,1.0,1.0,1.0
case-000134,1.0,0,1.0,1.0,1.0,1.0,1.0,1.0,1.0,1.0,1.0,1.0
case-000135,1.0,1,1.0,1.0,1.0,1.0,1.0,1.0,1.0,1.0,1.0,1.0
case-000136,0.9833,0,1.0,1.0,1.0,1.0,0.8333,1.0,1.0,1.0,1.0,1.0
case-000137,0.9833,0,1.0,1.0,1.0,1.0,0.8333,1.0,1.0,1.0,1.0,1.0
case-000138,0.9833,1,1.0,1.0,1.0,1.0,0.8333,1.0,1.0,1.0,1.0,1.0
case-000139,0.9833,0,1.0,1.0,1.0,1.0,0.8333,1.0,1.0,1.0,1.0,1.0
case-000140,0.9667,0,1.0,1.0,1.0,1.0,0.6667,1.0,1.0,1.0,1.0,1.0
case-000141,0.9833,0,1.0,1.0,1.0,1.0,0.8333,1.0,1.0,1.0,1.0,1.0
case-000142,0.9833,0,1.0,1.0,1.0,1.0,0.8333,1.0,1.0,1.0,1.0,1.0
case-000143,1.0,0,1.0,1.0,1.0,1.0,1.0,1.0,1.0,1.0,1.0,1.0
case-000144,0.9833,0,1.0,1.0,1.0,1.0,0.8333,1.0,1.0,1.0,1.0,1.0
case-000145,0.9833,0,1.0,1.0,1.0,1.0,0.8333,1.0,1.0,1.0,1.0,1.0
case-000146,0.9833,0,1.0,1.0,1.0,1.0,0.8333,1.0,1.0,1.0,1.0,1.0
case-000147,0.8933,0,0.5,1.0,1.0,1.0,0.8333,1.0,1.0,1.0,1.0,1.0
case-000148,0.9833,0,1.0,1.0,1.0,1.0,0.8333,1.0,1.0,1.0,1.0,1.0
case-000149,0.9833,0,1.0,1.0,1.0,1.0,0.8333,1.0,1.0,1.0,1.0,1.0
case-000150,0.9833,0,1.0,1.0,1.0,1.0,0.8333,1.0,1.0,1.0,1.0,1.0
case-000151,0.9833,0,1.0,1.0,1.0,1.0,0.8333,1.0,1.0,1.0,1.0,1.0
case-000152,0.9833,0,1.0,1.0,1.0,1.0,0.8333,1.0,1.0,1.0,1.0,1.0
case-000153,0.8933,1,0.5,1.0,1.0,1.0,0.8333,1.0,1.0,1.0,1.0,1.0
case-000154,0.9833,0,1.0,1.0,1.0,1.0,0.8333,1.0,1.0,1.0,1.0,1.0
case-000155,0.9833,1,1.0,1.0,1.0,1.0,0.8333,1.0,1.0,1.0,1.0,1.0
case-000156,0.8933,1,0.5,1.0,1.0,1.0,0.8333,1.0,1.0,1.0,1.0,1.0
case-000157,0.9833,0,1.0,1.0,1.0,1.0,0.8333,1.0,1.0,1.0,1.0,1.0
case-000158,0.9833,0,1.0,1.0,1.0,1.0,0.8333,1.0,1.0,1.0,1.0,1.0
case-000159,0.9833,0,1.0,1.0,1.0,1.0,0.8333,1.0,1.0,1.0,1.0,1.0
case-000160,0.9833,0,1.0,1.0,1.0,1.0,0.8333,1.0,1.0,1.0,1.0,1.0
case-000161,0.9833,0,1.0,1.0,1.0,1.0,0.8333,1.0,1.0,1.0,1.0,1.0
case-000162,0.9833,0,1.0,1.0,1.0,1.0,0.8333,1.0,1.0,1.0,1.0,1.0
case-000163,0.9833,1,1.0,1.0,1.0,1.0,0.8333,1.0,1.0,1.0,1.0,1.0
case-000164,0.9833,0,1.0,1.0,1.0,1.0,0.8333,1.0,1.0,1.0,1.0,1.0
case-000165,0.9833,0,1.0,1.0,1.0,1.0,0.8333,1.0,1.0,1.0,1.0,1.0
case-000166,0.8933,0,0.5,1.0,1.0,1.0,0.8333,1.0,1.0,1.0,1.0,1.0
case-000167,0.8933,0,0.5,1.0,1.0,1.0,0.8333,1.0,1.0,1.0,1.0,1.0
case-000168,0.9667,1,1.0,1.0,1.0,1.0,0.6667,1.0,1.0,1.0,1.0,1.0
case-000169,0.9833,1,1.0,1.0,1.0,1.0,0.8333,1.0,1.0,1.0,1.0,1.0
case-000170,0.9833,0,1.0,1.0,1.0,1.0,0.8333,1.0,1.0,1.0,1.0,1.0
case-000171,0.9833,1,1.0,1.0,1.0,1.0,0.8333,1.0,1.0,1.0,1.0,1.0
case-000172,0.9833,1,1.0,1.0,1.0,1.0,0.8333,1.0,1.0,1.0,1.0,1.0
case-000173,0.8933,1,0.5,1.0,1.0,1.0,0.8333,1.0,1.0,1.0,1.0,1.0
case-000174,0.8933,1,0.5,1.0,1.0,1.0,0.8333,1.0,1.0,1.0,1.0,1.0
case-000175,0.9833,0,1.0,1.0,1.0,1.0,0.8333,1.0,1.0,1.0,1.0,1.0
case-000176,0.8933,0,0.5,1.0,1.0,1.0,0.8333,1.0,1.0,1.0,1.0,1.0
case-000177,0.95,0,1.0,1.0,1.0,1.0,0.5,1.0,1.0,1.0,1.0,1.0
case-000178,0.95,0,1.0,1.0,1.0,1.0,0.5,1.0,1.0,1.0,1.0,1.0
case-000179,1.0,0,1.0,1.0,1.0,1.0,1.0,1.0,1.0,1.0,1.0,1.0
case-000180,0.9833,0,1.0,1.0,1.0,1.0,0.8333,1.0,1.0,1.0,1.0,1.0
case-000181,0.9833,0,1.0,1.0,1.0,1.0,0.8333,1.0,1.0,1.0,1.0,1.0
case-000182,1.0,0,1.0,1.0,1.0,1.0,1.0,1.0,1.0,1.0,1.0,1.0
case-000183,0.9833,1,1.0,1.0,1.0,1.0,0.8333,1.0,1.0,1.0,1.0,1.0
case-000184,0.9833,1,1.0,1.0,1.0,1.0,0.8333,1.0,1.0,1.0,1.0,1.0
case-000185,0.9833,1,1.0,1.0,1.0,1.0,0.8333,1.0,1.0,1.0,1.0,1.0
case-000186,0.9667,1,1.0,1.0,1.0,1.0,0.6667,1.0,1.0,1.0,1.0,1.0
case-000187,0.9833,0,1.0,1.0,1.0,1.0,0.8333,1.0,1.0,1.0,1.0,1.0
case-000188,0.9427,0,1.0,1.0,0.8,1.0,0.6667,1.0,1.0,1.0,1.0,1.0
case-000189,0.8933,0,0.5,1.0,1.0,1.0,0.8333,1.0,1.0,1.0,1.0,1.0
case-000190,0.9833,0,1.0,1.0,1.0,1.0,0.8333,1.0,1.0,1.0,1.0,1.0
case-000191,0.9833,1,1.0,1.0,1.0,1.0,0.8333,1.0,1.0,1.0,1.0,1.0
case-000192,0.9833,1,1.0,1.0,1.0,1.0,0.8333,1.0,1.0,1.0,1.0,1.0
case-000193,0.8453,0,0.5,1.0,0.6,1.0,0.8333,1.0,1.0,1.0,1.0,1.0
case-000194,0.8933,0,0.5,1.0,1.0,1.0,0.8333,1.0,1.0,1.0,1.0,1.0
case-000195,0.9833,0,1.0,1.0,1.0,1.0,0.8333,1.0,1.0,1.0,1.0,1.0
case-000196,1.0,1,1.0,1.0,1.0,1.0,1.0,1.0,1.0,1.0,1.0,1.0
case-000197,0.8933,0,0.5,1.0,1.0,1.0,0.8333,1.0,1.0,1.0,1.0,1.0
case-000198,0.9833,0,1.0,1.0,1.0,1.0,0.8333,1.0,1.0,1.0,1.0,1.0
case-000199,0.9833,1,1.0,1.0,1.0,1.0,0.8333,1.0,1.0,1.0,1.0,1.0
case-000200,1.0,0,1.0,1.0,1.0,1.0,1.0,1.0,1.0,1.0,1.0,1.0
case-000201,0.9833,1,1.0,1.0,1.0,1.0,0.8333,1.0,1.0,1.0,1.0,1.0
case-000202,0.9667,0,1.0,1.0,1.0,1.0,0.6667,1.0,1.0,1.0,1.0,1.0
case-000203,0.9833,0,1.0,1.0,1.0,1.0,0.8333,1.0,1.0,1.0,1.0,1.0
case-000204,0.9833,0,1.0,1.0,1.0,1.0,0.8333,1.0,1.0,1.0,1.0,1.0
case-000205,0.8873,0,1.0,1.0,0.2,1.0,0.8333,1.0,1.0,1.0,1.0,1.0
case-000206,0.9833,0,1.0,1.0,1.0,1.0,0.8333,1.0,1.0,1.0,1.0,1.0
case-000207,0.9833,0,1.0,1.0,1.0,1.0,0.8333,1.0,1.0,1.0,1.0,1.0
case-000208,0.9833,0,1.0,1.0,1.0,1.0,0.8333,1.0,1.0,1.0,1.0,1.0
case-000209,0.9833,0,1.0,1.0,1.0,1.0,0.8333,1.0,1.0,1.0,1.0,1.0
case-000210,0.9833,1,1.0,1.0,1.0,1.0,0.8333,1.0,1.0,1.0,1.0,1.0
case-000211,0.9833,1,1.0,1.0,1.0,1.0,0.8333,1.0,1.0,1.0,1.0,1.0
case-000212,0.9667,0,1.0,1.0,1.0,1.0,0.6667,1.0,1.0,1.0,1.0,1.0
case-000213,0.9833,0,1.0,1.0,1.0,1.0,0.8333,1.0,1.0,1.0,1.0,1.0
case-000214,0.8933,1,0.5,1.0,1.0,1.0,0.8333,1.0,1.0,1.0,1.0,1.0
case-000215,0.8933,0,0.5,1.0,1.0,1.0,0.8333,1.0,1.0,1.0,1.0,1.0
case-000216,1.0,0,1.0,1.0,1.0,1.0,1.0,1.0,1.0,1.0,1.0,1.0
case-000217,0.9833,1,1.0,1.0,1.0,1.0,0.8333,1.0,1.0,1.0,1.0,1.0
case-000218,0.9833,0,1.0,1.0,1.0,1.0,0.8333,1.0,1.0,1.0,1.0,1.0
case-000219,0.9833,0,1.0,1.0,1.0,1.0,0.8333,1.0,1.0,1.0,1.0,1.0
case-000220,0.9833,0,1.0,1.0,1.0,1.0,0.8333,1.0,1.0,1.0,1.0,1.0
case-000221,0.9833,0,1.0,1.0,1.0,1.0,0.8333,1.0,1.0,1.0,1.0,1.0
case-000222,0.9833,1,1.0,1.0,1.0,1.0,0.8333,1.0,1.0,1.0,1.0,1.0
case-000223,0.8767,0,0.5,1.0,1.0,1.0,0.6667,1.0,1.0,1.0,1.0,1.0
case-000224,0.9833,0,1.0,1.0,1.0,1.0,0.8333,1.0,1.0,1.0,1.0,1.0
case-000225,0.9833,0,1.0,1.0,1.0,1.0,0.8333,1.0,1.0,1.0,1.0,1.0
case-000226,1.0,0,1.0,1.0,1.0,1.0,1.0,1.0,1.0,1.0,1.0,1.0
case-000227,0.8933,1,0.5,1.0,1.0,1.0,0.8333,1.0,1.0,1.0,1.0,1.0
case-000228,0.8933,0,0.5,1.0,1.0,1.0,0.8333,1.0,1.0,1.0,1.0,1.0
case-000229,0.9667,1,1.0,1.0,1.0,1.0,0.6667,1.0,1.0,1.0,1.0,1.0
case-000230,1.0,0,1.0,1.0,1.0,1.0,1.0,1.0,1.0,1.0,1.0,1.0
case-000231,0.9833,1,1.0,1.0,1.0,1.0,0.8333,1.0,1.0,1.0,1.0,1.0
case-000232,0.9833,0,1.0,1.0,1.0,1.0,0.8333,1.0,1.0,1.0,1.0,1.0
case-000233,0.9833,0,1.0,1.0,1.0,1.0,0.8333,1.0,1.0,1.0,1.0,1.0
case-000234,0.9833,1,1.0,1.0,1.0,1.0,0.8333,1.0,1.0,1.0,1.0,1.0
case-000235,0.9833,0,1.0,1.0,1.0,1.0,0.8333,1.0,1.0,1.0,1.0,1.0
case-000236,0.9833,1,1.0,1.0,1.0,1.0,0.8333,1.0,1.0,1.0,1.0,1.0
case-000237,0.9833,1,1.0,1.0,1.0,1.0,0.8333,1.0,1.0,1.0,1.0,1.0
case-000238,0.9833,0,1.0,1.0,1.0,1.0,0.8333,1.0,1.0,1.0,1.0,1.0
case-000239,0.9353,1,1.0,1.0,0.6,1.0,0.8333,1.0,1.0,1.0,1.0,1.0
case-000240,0.8933,1,0.5,1.0,1.0,1.0,0.8333,1.0,1.0,1.0,1.0,1.0
case-000241,0.9833,0,1.0,1.0,1.0,1.0,0.8333,1.0,1.0,1.0,1.0,1.0
case-000242,0.9833,0,1.0,1.0,1.0,1.0,0.8333,1.0,1.0,1.0,1.0,1.0
case-000243,1.0,1,1.0,1.0,1.0,1.0,1.0,1.0,1.0,1.0,1.0,1.0
case-000244,0.9833,1,1.0,1.0,1.0,1.0,0.8333,1.0,1.0,1.0,1.0,1.0
case-000245,0.9833,0,1.0,1.0,1.0,1.0,0.8333,1.0,1.0,1.0,1.0,1.0
case-000246,0.9833,0,1.0,1.0,1.0,1.0,0.8333,1.0,1.0,1.0,1.0,1.0
case-000247,0.9833,1,1.0,1.0,1.0,1.0,0.8333,1.0,1.0,1.0,1.0,1.0
case-000248,0.9833,0,1.0,1.0,1.0,1.0,0.8333,1.0,1.0,1.0,1.0,1.0
case-000249,0.9833,0,1.0,1.0,1.0,1.0,0.8333,1.0,1.0,1.0,1.0,1.0
case-000250,0.9833,0,1.0,1.0,1.0,1.0,0.8333,1.0,1.0,1.0,1.0,1.0
case-000251,0.9833,1,1.0,1.0,1.0,1.0,0.8333,1.0,1.0,1.0,1.0,1.0
case-000252,0.9833,1,1.0,1.0,1.0,1.0,0.8333,1.0,1.0,1.0,1.0,1.0
case-000253,0.9833,1,1.0,1.0,1.0,1.0,0.8333,1.0,1.0,1.0,1.0,1.0
case-000254,0.8933,1,0.5,1.0,1.0,1.0,0.8333,1.0,1.0,1.0,1.0,1.0
case-000255,0.9833,1,1.0,1.0,1.0,1.0,0.8333,1.0,1.0,1.0,1.0,1.0
case-000256,0.9833,0,1.0,1.0,1.0,1.0,0.8333,1.0,1.0,1.0,1.0,1.0
case-000257,0.8933,1,0.5,1.0,1.0,1.0,0.8333,1.0,1.0,1.0,1.0,1.0
case-000258,0.9833,0,1.0,1.0,1.0,1.0,0.8333,1.0,1.0,1.0,1.0,1.0
case-000259,0.9833,0,1.0,1.0,1.0,1.0,0.8333,1.0,1.0,1.0,1.0,1.0
case-000260,0.9833,0,1.0,1.0,1.0,1.0,0.8333,1.0,1.0,1.0,1.0,1.0
case-000261,0.9833,1,1.0,1.0,1.0,1.0,0.8333,1.0,1.0,1.0,1.0,1.0
case-000262,0.9833,0,1.0,1.0,1.0,1.0,0.8333,1.0,1.0,1.0,1.0,1.0
case-000263,0.9593,1,1.0,1.0,0.8,1.0,0.8333,1.0,1.0,1.0,1.0,1.0
case-000264,0.8287,1,0.5,1.0,0.6,1.0,0.6667,1.0,1.0,1.0,1.0,1.0
case-000265,0.8933,1,0.5,1.0,1.0,1.0,0.8333,1.0,1.0,1.0,1.0,1.0
case-000266,0.9833,1,1.0,1.0,1.0,1.0,0.8333,1.0,1.0,1.0,1.0,1.0
case-000267,0.9833,0,1.0,1.0,1.0,1.0,0.8333,1.0,1.0,1.0,1.0,1.0
case-000268,0.9833,1,1.0,1.0,1.0,1.0,0.8333,1.0,1.0,1.0,1.0,1.0
case-000269,0.8933,0,0.5,1.0,1.0,1.0,0.8333,1.0,1.0,1.0,1.0,1.0
case-000270,0.9833,0,1.0,1.0,1.0,1.0,0.8333,1.0,1.0,1.0,1.0,1.0
case-000271,0.9833,0,1.0,1.0,1.0,1.0,0.8333,1.0,1.0,1.0,1.0,1.0
case-000272,0.9833,1,1.0,1.0,1.0,1.0,0.8333,1.0,1.0,1.0,1.0,1.0
case-000273,1.0,0,1.0,1.0,1.0,1.0,1.0,1.0,1.0,1.0,1.0,1.0
case-000274,0.9833,0,1.0,1.0,1.0,1.0,0.8333,1.0,1.0,1.0,1.0,1.0
case-000275,0.9833,1,1.0,1.0,1.0,1.0,0.8333,1.0,1.0,1.0,1.0,1.0
case-000276,0.8933,0,0.5,1.0,1.0,1.0,0.8333,1.0,1.0,1.0,1.0,1.0
case-000277,0.9833,0,1.0,1.0,1.0,1.0,0.8333,1.0,1.0,1.0,1.0,1.0
case-000278,0.9833,0,1.0,1.0,1.0,1.0,0.8333,1.0,1.0,1.0,1.0,1.0
case-000279,0.9833,0,1.0,1.0,1.0,1.0,0.8333,1.0,1.0,1.0,1.0,1.0
case-000280,0.9833,0,1.0,1.0,1.0,1.0,0.8333,1.0,1.0,1.0,1.0,1.0
case-000281,0.9833,1,1.0,1.0,1.0,1.0,0.8333,1.0,1.0,1.0,1.0,1.0
case-000282,0.8933,1,0.5,1.0,1.0,1.0,0.8333,1.0,1.0,1.0,1.0,1.0
case-000283,0.9833,0,1.0,1.0,1.0,1.0,0.8333,1.0,1.0,1.0,1.0,1.0
case-000284,0.9833,0,1.0,1.0,1.0,1.0,0.8333,1.0,1.0,1.0,1.0,1.0
case-000285,0.9833,1,1.0,1.0,1.0,1.0,0.8333,1.0,1.0,1.0,1.0,1.0
case-000286,1.0,0,1.0,1.0,1.0,1.0,1.0,1.0,1.0,1.0,1.0,1.0
case-000287,0.9833,0,1.0,1.0,1.0,1.0,0.8333,1.0,1.0,1.0,1.0,1.0
case-000288,0.9833,0,1.0,1.0,1.0,1.0,0.8333,1.0,1.0,1.0,1.0,1.0
case-000289,0.9833,0,1.0,1.0,1.0,1.0,0.8333,1.0,1.0,1.0,1.0,1.0
case-000290,0.9833,1,1.0,1.0,1.0,1.0,0.8333,1.0,1.0,1.0,1.0,1.0
case-000291,0.8767,0,0.5,1.0,1.0,1.0,0.6667,1.0,1.0,1.0,1.0,1.0
case-000292,0.8933,0,0.5,1.0,1.0,1.0,0.8333,1.0,1.0,1.0,1.0,1.0
case-000293,0.9833,0,1.0,1.0,1.0,1.0,0.8333,1.0,1.0,1.0,1.0,1.0
case-000294,0.9667,0,1.0,1.0,1.0,1.0,0.6667,1.0,1.0,1.0,1.0,1.0
case-000295,0.8767,0,0.5,1.0,1.0,1.0,0.6667,1.0,1.0,1.0,1.0,1.0
case-000296,0.9833,1,1.0,1.0,1.0,1.0,0.8333,1.0,1.0,1.0,1.0,1.0
case-000297,0.8933,1,0.5,1.0,1.0,1.0,0.8333,1.0,1.0,1.0,1.0,1.0
case-000298,0.8933,1,0.5,1.0,1.0,1.0,0.8333,1.0,1.0,1.0,1.0,1.0
case-000299,0.9833,1,1.0,1.0,1.0,1.0,0.8333,1.0,1.0,1.0,1.0,1.0
case-000300,0.91,1,0.5,1.0,1.0,1.0,1.0,1.0,1.0,1.0,1.0,1.0
case-000301,0.9833,1,1.0,1.0,1.0,1.0,0.8333,1.0,1.0,1.0,1.0,1.0
case-000302,0.9833,0,1.0,1.0,1.0,1.0,0.8333,1.0,1.0,1.0,1.0,1.0
case-000303,0.8933,1,0.5,1.0,1.0,1.0,0.8333,1.0,1.0,1.0,1.0,1.0
case-000304,0.8933,1,0.5,1.0,1.0,1.0,0.8333,1.0,1.0,1.0,1.0,1.0
case-000305,0.9833,0,1.0,1.0,1.0,1.0,0.8333,1.0,1.0,1.0,1.0,1.0
case-000306,0.9833,0,1.0,1.0,1.0,1.0,0.8333,1.0,1.0,1.0,1.0,1.0
case-000307,0.9833,0,1.0,1.0,1.0,1.0,0.8333,1.0,1.0,1.0,1.0,1.0
case-000308,0.8767,1,0.5,1.0,1.0,1.0,0.6667,1.0,1.0,1.0,1.0,1.0
case-000309,0.9833,1,1.0,1.0,1.0,1.0,0.8333,1.0,1.0,1.0,1.0,1.0
case-000310,0.8933,1,0.5,1.0,1.0,1.0,0.8333,1.0,1.0,1.0,1.0,1.0
case-000311,0.9833,0,1.0,1.0,1.0,1.0,0.8333,1.0,1.0,1.0,1.0,1.0
case-000312,0.9833,1,1.0,1.0,1.0,1.0,0.8333,1.0,1.0,1.0,1.0,1.0
case-000313,0.9833,1,1.0,1.0,1.0,1.0,0.8333,1.0,1.0,1.0,1.0,1.0
case-000314,0.9833,1,1.0,1.0,1.0,1.0,0.8333,1.0,1.0,1.0,1.0,1.0
case-000315,0.9667,0,1.0,1.0,1.0,1.0,0.6667,1.0,1.0,1.0,1.0,1.0
case-000316,0.9833,0,1.0,1.0,1.0,1.0,0.8333,1.0,1.0,1.0,1.0,1.0
case-000317,0.9833,0,1.0,1.0,1.0,1.0,0.8333,1.0,1.0,1.0,1.0,1.0
case-000318,0.9833,1,1.0,1.0,1.0,1.0,0.8333,1.0,1.0,1.0,1.0,1.0
case-000319,0.8933,1,0.5,1.0,1.0,1.0,0.8333,1.0,1.0,1.0,1.0,1.0
case-000320,0.95,1,1.0,1.0,1.0,1.0,0.5,1.0,1.0,1.0,1.0,1.0
case-000321,0.9833,0,1.0,1.0,1.0,1.0,0.8333,1.0,1.0,1.0,1.0,1.0
case-000322,1.0,1,1.0,1.0,1.0,1.0,1.0,1.0,1.0,1.0,1.0,1.0
case-000323,0.9833,0,1.0,1.0,1.0,1.0,0.8333,1.0,1.0,1.0,1.0,1.0
case-000324,0.9833,1,1.0,1.0,1.0,1.0,0.8333,1.0,1.0,1.0,1.0,1.0
case-000325,0.9833,1,1.0,1.0,1.0,1.0,0.8333,1.0,1.0,1.0,1.0,1.0
case-000326,0.9833,0,1.0,1.0,1.0,1.0,0.8333,1.0,1.0,1.0,1.0,1.0
case-000327,0.9833,0,1.0,1.0,1.0,1.0,0.8333,1.0,1.0,1.0,1.0,1.0
case-000328,0.8933,0,0.5,1.0,1.0,1.0,0.8333,1.0,1.0,1.0,1.0,1.0
case-000329,0.9833,0,1.0,1.0,1.0,1.0,0.8333,1.0,1.0,1.0,1.0,1.0
case-000330,0.9833,0,1.0,1.0,1.0,1.0,0.8333,1.0,1.0,1.0,1.0,1.0
case-000331,0.9833,1,1.0,1.0,1.0,1.0,0.8333,1.0,1.0,1.0,1.0,1.0
case-000332,0.9833,1,1.0,1.0,1.0,1.0,0.8333,1.0,1.0,1.0,1.0,1.0
case-000333,1.0,0,1.0,1.0,1.0,1.0,1.0,1.0,1.0,1.0,1.0,1.0
case-000334,0.9833,0,1.0,1.0,1.0,1.0,0.8333,1.0,1.0,1.0,1.0,1.0
case-000335,0.9833,0,1.0,1.0,1.0,1.0,0.8333,1.0,1.0,1.0,1.0,1.0
case-000336,0.8767,0,0.5,1.0,1.0,1.0,0.6667,1.0,1.0,1.0,1.0,1.0
case-000337,0.9833,0,1.0,1.0,1.0,1.0,0.8333,1.0,1.0,1.0,1.0,1.0
case-000338,0.8933,0,0.5,1.0,1.0,1.0,0.8333,1.0,1.0,1.0,1.0,1.0
case-000339,0.9833,0,1.0,1.0,1.0,1.0,0.8333,1.0,1.0,1.0,1.0,1.0
case-000340,0.9833,0,1.0,1.0,1.0,1.0,0.8333,1.0,1.0,1.0,1.0,1.0
case-000341,0.8933,0,0.5,1.0,1.0,1.0,0.8333,1.0,1.0,1.0,1.0,1.0
case-000342,0.9833,0,1.0,1.0,1.0,1.0,0.8333,1.0,1.0,1.0,1.0,1.0
case-000343,0.9833,1,1.0,1.0,1.0,1.0,0.8333,1.0,1.0,1.0,1.0,1.0
case-000344,0.9833,0,1.0,1.0,1.0,1.0,0.8333,1.0,1.0,1.0,1.0,1.0
case-000345,0.9833,0,1.0,1.0,1.0,1.0,0.8333,1.0,1.0,1.0,1.0,1.0
case-000346,0.9833,0,1.0,1.0,1.0,1.0,0.8333,1.0,1.0,1.0,1.0,1.0
case-000347,0.9833,1,1.0,1.0,1.0,1.0,0.8333,1.0,1.0,1.0,1.0,1.0
case-000348,0.9833,0,1.0,1.0,1.0,1.0,0.8333,1.0,1.0,1.0,1.0,1.0
case-000349,0.9833,1,1.0,1.0,1.0,1.0,0.8333,1.0,1.0,1.0,1.0,1.0
case-000350,0.9833,0,1.0,1.0,1.0,1.0,0.8333,1.0,1.0,1.0,1.0,1.0
case-000351,0.8933,1,0.5,1.0,1.0,1.0,0.8333,1.0,1.0,1.0,1.0,1.0
case-000352,0.9833,0,1.0,1.0,1.0,1.0,0.8333,1.0,1.0,1.0,1.0,1.0
case-000353,0.9833,1,1.0,1.0,1.0,1.0,0.8333,1.0,1.0,1.0,1.0,1.0
case-000354,0.9833,0,1.0,1.0,1.0,1.0,0.8333,1.0,1.0,1.0,1.0,1.0
case-000355,0.9833,0,1.0,1.0,1.0,1.0,0.8333,1.0,1.0,1.0,1.0,1.0
case-000356,0.8933,0,0.5,1.0,1.0,1.0,0.8333,1.0,1.0,1.0,1.0,1.0
case-000357,0.8767,1,0.5,1.0,1.0,1.0,0.6667,1.0,1.0,1.0,1.0,1.0
case-000358,0.8933,1,0.5,1.0,1.0,1.0,0.8333,1.0,1.0,1.0,1.0,1.0
case-000359,0.8933,0,0.5,1.0,1.0,1.0,0.8333,1.0,1.0,1.0,1.0,1.0
case-000360,0.8767,1,0.5,1.0,1.0,1.0,0.6667,1.0,1.0,1.0,1.0,1.0
case-000361,0.9833,0,1.0,1.0,1.0,1.0,0.8333,1.0,1.0,1.0,1.0,1.0
case-000362,0.9833,0,1.0,1.0,1.0,1.0,0.8333,1.0,1.0,1.0,1.0,1.0
case-000363,0.8933,0,0.5,1.0,1.0,1.0,0.8333,1.0,1.0,1.0,1.0,1.0
case-000364,0.9833,0,1.0,1.0,1.0,1.0,0.8333,1.0,1.0,1.0,1.0,1.0
case-000365,0.8933,1,0.5,1.0,1.0,1.0,0.8333,1.0,1.0,1.0,1.0,1.0
case-000366,0.9833,1,1.0,1.0,1.0,1.0,0.8333,1.0,1.0,1.0,1.0,1.0
case-000367,0.9833,0,1.0,1.0,1.0,1.0,0.8333,1.0,1.0,1.0,1.0,1.0
case-000368,0.9833,0,1.0,1.0,1.0,1.0,0.8333,1.0,1.0,1.0,1.0,1.0
case-000369,0.9833,1,1.0,1.0,1.0,1.0,0.8333,1.0,1.0,1.0,1.0,1.0
case-000370,0.9833,0,1.0,1.0,1.0,1.0,0.8333,1.0,1.0,1.0,1.0,1.0
case-000371,0.9833,0,1.0,1.0,1.0,1.0,0.8333,1.0,1.0,1.0,1.0,1.0
case-000372,0.8933,1,0.5,1.0,1.0,1.0,0.8333,1.0,1.0,1.0,1.0,1.0
case-000373,0.9833,0,1.0,1.0,1.0,1.0,0.8333,1.0,1.0,1.0,1.0,1.0
case-000374,0.8933,0,0.5,1.0,1.0,1.0,0.8333,1.0,1.0,1.0,1.0,1.0
case-000375,0.8933,0,0.5,1.0,1.0,1.0,0.8333,1.0,1.0,1.0,1.0,1.0
case-000376,0.9833,0,1.0,1.0,1.0,1.0,0.8333,1.0,1.0,1.0,1.0,1.0
case-000377,0.8873,1,1.0,1.0,0.2,1.0,0.8333,1.0,1.0,1.0,1.0,1.0
case-000378,0.9833,0,1.0,1.0,1.0,1.0,0.8333,1.0,1.0,1.0,1.0,1.0
case-000379,0.9833,1,1.0,1.0,1.0,1.0,0.8333,1.0,1.0,1.0,1.0,1.0
case-000380,0.8933,1,0.5,1.0,1.0,1.0,0.8333,1.0,1.0,1.0,1.0,1.0
case-000381,0.9593,1,1.0,1.0,0.8,1.0,0.8333,1.0,1.0,1.0,1.0,1.0
case-000382,0.8693,1,0.5,1.0,0.8,1.0,0.8333,1.0,1.0,1.0,1.0,1.0
case-000383,0.96,0,1.0,1.0,1.0,1.0,0.8333,1.0,0.6667,1.0,1.0,1.0
case-000384,0.96,1,1.0,1.0,1.0,1.0,0.8333,1.0,0.6667,1.0,1.0,1.0
case-000385,0.96,0,1.0,1.0,1.0,1.0,0.8333,1.0,0.6667,1.0,1.0,1.0
case-000386,0.96,1,1.0,1.0,1.0,1.0,0.8333,1.0,0.6667,1.0,1.0,1.0
case-000387,0.96,0,1.0,1.0,1.0,1.0,0.8333,1.0,0.6667,1.0,1.0,1.0
case-000388,0.87,1,0.5,1.0,1.0,1.0,0.8333,1.0,0.6667,1.0,1.0,1.0
case-000389,0.87,1,0.5,1.0,1.0,1.0,0.8333,1.0,0.6667,1.0,1.0,1.0
case-000390,0.96,0,1.0,1.0,1.0,1.0,0.8333,1.0,0.6667,1.0,1.0,1.0
case-000391,0.96,0,1.0,1.0,1.0,1.0,0.8333,1.0,0.6667,1.0,1.0,1.0
case-000392,0.96,1,1.0,1.0,1.0,1.0,0.8333,1.0,0.6667,1.0,1.0,1.0
case-000393,0.96,1,1.0,1.0,1.0,1.0,0.8333,1.0,0.6667,1.0,1.0,1.0
case-000394,0.96,1,1.0,1.0,1.0,1.0,0.8333,1.0,0.6667,1.0,1.0,1.0
case-000395,0.96,1,1.0,1.0,1.0,1.0,0.8333,1.0,0.6667,1.0,1.0,1.0
case-000396,0.96,0,1.0,1.0,1.0,1.0,0.8333,1.0,0.6667,1.0,1.0,1.0
case-000397,0.87,1,0.5,1.0,1.0,1.0,0.8333,1.0,0.6667,1.0,1.0,1.0
case-000398,0.96,0,1.0,1.0,1.0,1.0,0.8333,1.0,0.6667,1.0,1.0,1.0
case-000399,0.96,0,1.0,1.0,1.0,1.0,0.8333,1.0,0.6667,1.0,1.0,1.0
case-000400,0.96,0,1.0,1.0,1.0,1.0,0.8333,1.0,0.6667,1.0,1.0,1.0
case-000401,0.9767,1,1.0,1.0,1.0,1.0,1.0,1.0,0.6667,1.0,1.0,1.0
case-000402,0.87,1,0.5,1.0,1.0,1.0,0.8333,1.0,0.6667,1.0,1.0,1.0
case-000403,0.96,0,1.0,1.0,1.0,1.0,0.8333,1.0,0.6667,1.0,1.0,1.0
case-000404,0.96,1,1.0,1.0,1.0,1.0,0.8333,1.0,0.6667,1.0,1.0,1.0
case-000405,0.87,0,0.5,1.0,1.0,1.0,0.8333,1.0,0.6667,1.0,1.0,1.0
case-000406,0.96,0,1.0,1.0,1.0,1.0,0.8333,1.0,0.6667,1.0,1.0,1.0
case-000407,0.87,1,0.5,1.0,1.0,1.0,0.8333,1.0,0.6667,1.0,1.0,1.0
case-000408,0.87,1,0.5,1.0,1.0,1.0,0.8333,1.0,0.6667,1.0,1.0,1.0
case-000409,0.96,0,1.0,1.0,1.0,1.0,0.8333,1.0,0.6667,1.0,1.0,1.0
case-000410,0.96,0,1.0,1.0,1.0,1.0,0.8333,1.0,0.6667,1.0,1.0,1.0
case-000411,0.87,1,0.5,1.0,1.0,1.0,0.8333,1.0,0.6667,1.0,1.0,1.0
case-000412,0.87,1,0.5,1.0,1.0,1.0,0.8333,1.0,0.6667,1.0,1.0,1.0
case-000413,0.87,1,0.5,1.0,1.0,1.0,0.8333,1.0,0.6667,1.0,1.0,1.0
case-000414,0.87,0,0.5,1.0,1.0,1.0,0.8333,1.0,0.6667,1.0,1.0,1.0
case-000415,0.87,1,0.5,1.0,1.0,1.0,0.8333,1.0,0.6667,1.0,1.0,1.0
case-000416,0.87,0,0.5,1.0,1.0,1.0,0.8333,1.0,0.6667,1.0,1.0,1.0
case-000417,0.96,0,1.0,1.0,1.0,1.0,0.8333,1.0,0.6667,1.0,1.0,1.0
case-000418,0.87,0,0.5,1.0,1.0,1.0,0.8333,1.0,0.6667,1.0,1.0,1.0
case-000419,0.87,1,0.5,1.0,1.0,1.0,0.8333,1.0,0.6667,1.0,1.0,1.0
case-000420,0.87,1,0.5,1.0,1.0,1.0,0.8333,1.0,0.6667,1.0,1.0,1.0
case-000421,0.9433,0,1.0,1.0,1.0,1.0,0.6667,1.0,0.6667,1.0,1.0,1.0
case-000422,0.96,0,1.0,1.0,1.0,1.0,0.8333,1.0,0.6667,1.0,1.0,1.0
case-000423,0.96,0,1.0,1.0,1.0,1.0,0.8333,1.0,0.6667,1.0,1.0,1.0
case-000424,0.96,0,1.0,1.0,1.0,1.0,0.8333,1.0,0.6667,1.0,1.0,1.0
case-000425,0.87,1,0.5,1.0,1.0,1.0,0.8333,1.0,0.6667,1.0,1.0,1.0
case-000426,0.87,1,0.5,1.0,1.0,1.0,0.8333,1.0,0.6667,1.0,1.0,1.0
case-000427,0.8633,1,0.5,1.0,1.0,0.75,0.8333,1.0,1.0,1.0,1.0,1.0
case-000428,0.825,1,0.5,1.0,1.0,0.625,0.8333,1.0,0.6667,1.0,1.0,1.0
case-000429,0.94,1,1.0,1.0,1.0,1.0,1.0,0.0,1.0,1.0,1.0,1.0
case-000430,0.9233,1,1.0,1.0,1.0,1.0,0.8333,0.0,1.0,1.0,1.0,1.0
case-000431,0.9233,2,1.0,1.0,1.0,1.0,0.8333,0.0,1.0,1.0,1.0,1.0
case-000432,0.9233,1,1.0,1.0,1.0,1.0,0.8333,0.0,1.0,1.0,1.0,1.0
case-000433,0.9233,1,1.0,1.0,1.0,1.0,0.8333,0.0,1.0,1.0,1.0,1.0
case-000434,0.9233,2,1.0,1.0,1.0,1.0,0.8333,0.0,1.0,1.0,1.0,1.0
case-000435,0.94,1,1.0,1.0,1.0,1.0,1.0,0.0,1.0,1.0,1.0,1.0
case-000436,0.9233,2,1.0,1.0,1.0,1.0,0.8333,0.0,1.0,1.0,1.0,1.0
case-000437,0.9233,1,1.0,1.0,1.0,1.0,0.8333,0.0,1.0,1.0,1.0,1.0
case-000438,0.9067,1,1.0,1.0,1.0,1.0,0.6667,0.0,1.0,1.0,1.0,1.0
case-000439,0.9233,1,1.0,1.0,1.0,1.0,0.8333,0.0,1.0,1.0,1.0,1.0
case-000440,0.94,1,1.0,1.0,1.0,1.0,1.0,0.0,1.0,1.0,1.0,1.0
case-000441,0.9067,2,1.0,1.0,1.0,1.0,0.6667,0.0,1.0,1.0,1.0,1.0
case-000442,0.9233,1,1.0,1.0,1.0,1.0,0.8333,0.0,1.0,1.0,1.0,1.0
case-000443,0.9233,1,1.0,1.0,1.0,1.0,0.8333,0.0,1.0,1.0,1.0,1.0
case-000444,0.916,1,1.0,1.0,0.8,1.0,1.0,0.0,1.0,1.0,1.0,1.0
case-000445,0.94,1,1.0,1.0,1.0,1.0,1.0,0.0,1.0,1.0,1.0,1.0
case-000446,0.94,1,1.0,1.0,1.0,1.0,1.0,0.0,1.0,1.0,1.0,1.0
case-000447,0.9233,1,1.0,1.0,1.0,1.0,0.8333,0.0,1.0,1.0,1.0,1.0
case-000448,0.8993,1,1.0,1.0,0.8,1.0,0.8333,0.0,1.0,1.0,1.0,1.0
case-000449,0.9233,2,1.0,1.0,1.0,1.0,0.8333,0.0,1.0,1.0,1.0,1.0
case-000450,0.9233,1,1.0,1.0,1.0,1.0,0.8333,0.0,1.0,1.0,1.0,1.0
case-000451,0.844,2,1.0,1.0,0.2,1.0,1.0,0.0,1.0,1.0,1.0,1.0
case-000452,0.9233,1,1.0,1.0,1.0,1.0,0.8333,0.0,1.0,1.0,1.0,1.0
case-000453,0.9067,1,1.0,1.0,1.0,1.0,0.6667,0.0,1.0,1.0,1.0,1.0
case-000454,0.9233,1,1.0,1.0,1.0,1.0,0.8333,0.0,1.0,1.0,1.0,1.0
case-000455,0.9233,1,1.0,1.0,1.0,1.0,0.8333,0.0,1.0,1.0,1.0,1.0
case-000456,0.8333,2,0.5,1.0,1.0,1.0,0.8333,0.0,1.0,1.0,1.0,1.0
case-000457,0.9233,2,1.0,1.0,1.0,1.0,0.8333,0.0,1.0,1.0,1.0,1.0
case-000458,0.9233,1,1.0,1.0,1.0,1.0,0.8333,0.0,1.0,1.0,1.0,1.0
case-000459,0.9233,2,1.0,1.0,1.0,1.0,0.8333,0.0,1.0,1.0,1.0,1.0
case-000460,0.9233,2,1.0,1.0,1.0,1.0,0.8333,0.0,1.0,1.0,1.0,1.0
case-000461,0.9233,2,1.0,1.0,1.0,1.0,0.8333,0.0,1.0,1.0,1.0,1.0
case-000462,0.9233,1,1.0,1.0,1.0,1.0,0.8333,0.0,1.0,1.0,1.0,1.0
case-000463,0.94,1,1.0,1.0,1.0,1.0,1.0,0.0,1.0,1.0,1.0,1.0
case-000464,0.8333,2,0.5,1.0,1.0,1.0,0.8333,0.0,1.0,1.0,1.0,1.0
case-000465,0.9233,2,1.0,1.0,1.0,1.0,0.8333,0.0,1.0,1.0,1.0,1.0
case-000466,0.94,2,1.0,1.0,1.0,1.0,1.0,0.0,1.0,1.0,1.0,1.0
case-000467,0.9233,2,1.0,1.0,1.0,1.0,0.8333,0.0,1.0,1.0,1.0,1.0
case-000468,0.94,2,1.0,1.0,1.0,1.0,1.0,0.0,1.0,1.0,1.0,1.0
case-000469,0.9233,1,1.0,1.0,1.0,1.0,0.8333,0.0,1.0,1.0,1.0,1.0
case-000470,0.826,2,0.5,1.0,0.8,1.0,1.0,0.0,1.0,1.0,1.0,1.0
case-000471,0.9233,2,1.0,1.0,1.0,1.0,0.8333,0.0,1.0,1.0,1.0,1.0
case-000472,0.9233,2,1.0,1.0,1.0,1.0,0.8333,0.0,1.0,1.0,1.0,1.0
case-000473,0.9233,1,1.0,1.0,1.0,1.0,0.8333,0.0,1.0,1.0,1.0,1.0
case-000474,0.9233,1,1.0,1.0,1.0,1.0,0.8333,0.0,1.0,1.0,1.0,1.0
case-000475,0.8333,2,0.5,1.0,1.0,1.0,0.8333,0.0,1.0,1.0,1.0,1.0
case-000476,0.9233,1,1.0,1.0,1.0,1.0,0.8333,0.0,1.0,1.0,1.0,1.0
case-000477,0.9233,1,1.0,1.0,1.0,1.0,0.8333,0.0,1.0,1.0,1.0,1.0
case-000478,0.9233,1,1.0,1.0,1.0,1.0,0.8333,0.0,1.0,1.0,1.0,1.0
case-000479,0.9233,1,1.0,1.0,1.0,1.0,0.8333,0.0,1.0,1.0,1.0,1.0
case-000480,0.9233,2,1.0,1.0,1.0,1.0,0.8333,0.0,1.0,1.0,1.0,1.0
case-000481,0.9233,1,1.0,1.0,1.0,1.0,0.8333,0.0,1.0,1.0,1.0,1.0
case-000482,0.8333,2,0.5,1.0,1.0,1.0,0.8333,0.0,1.0,1.0,1.0,1.0
case-000483,0.9233,2,1.0,1.0,1.0,1.0,0.8333,0.0,1.0,1.0,1.0,1.0
case-000484,0.9233,2,1.0,1.0,1.0,1.0,0.8333,0.0,1.0,1.0,1.0,1.0
case-000485,0.9233,1,1.0,1.0,1.0,1.0,0.8333,0.0,1.0,1.0,1.0,1.0
case-000486,0.9233,2,1.0,1.0,1.0,1.0,0.8333,0.0,1.0,1.0,1.0,1.0
case-000487,0.94,1,1.0,1.0,1.0,1.0,1.0,0.0,1.0,1.0,1.0,1.0
case-000488,0.9233,2,1.0,1.0,1.0,1.0,0.8333,0.0,1.0,1.0,1.0,1.0
case-000489,0.9233,1,1.0,1.0,1.0,1.0,0.8333,0.0,1.0,1.0,1.0,1.0
case-000490,0.9233,2,1.0,1.0,1.0,1.0,0.8333,0.0,1.0,1.0,1.0,1.0
case-000491,0.9067,1,1.0,1.0,1.0,1.0,0.6667,0.0,1.0,1.0,1.0,1.0
case-000492,0.9233,1,1.0,1.0,1.0,1.0,0.8333,0.0,1.0,1.0,1.0,1.0
case-000493,0.9067,1,1.0,1.0,1.0,1.0,0.6667,0.0,1.0,1.0,1.0,1.0
case-000494,0.868,2,1.0,1.0,0.4,1.0,1.0,0.0,1.0,1.0,1.0,1.0
case-000495,0.8333,2,0.5,1.0,1.0,1.0,0.8333,0.0,1.0,1.0,1.0,1.0
case-000496,0.8167,2,0.5,1.0,1.0,1.0,0.6667,0.0,1.0,1.0,1.0,1.0
case-000497,0.9233,1,1.0,1.0,1.0,1.0,0.8333,0.0,1.0,1.0,1.0,1.0
case-000498,0.94,2,1.0,1.0,1.0,1.0,1.0,0.0,1.0,1.0,1.0,1.0
case-000499,0.9233,2,1.0,1.0,1.0,1.0,0.8333,0.0,1.0,1.0,1.0,1.0
case-000500,0.9233,1,1.0,1.0,1.0,1.0,0.8333,0.0,1.0,1.0,1.0,1.0
case-000501,0.9067,1,1.0,1.0,1.0,1.0,0.6667,0.0,1.0,1.0,1.0,1.0
case-000502,0.9233,1,1.0,1.0,1.0,1.0,0.8333,0.0,1.0,1.0,1.0,1.0
case-000503,0.9233,1,1.0,1.0,1.0,1.0,0.8333,0.0,1.0,1.0,1.0,1.0
case-000504,0.8333,2,0.5,1.0,1.0,1.0,0.8333,0.0,1.0,1.0,1.0,1.0
case-000505,0.94,2,1.0,1.0,1.0,1.0,1.0,0.0,1.0,1.0,1.0,1.0
case-000506,0.8347,2,1.0,1.0,0.4,1.0,0.6667,0.0,1.0,1.0,1.0,1.0
case-000507,0.94,1,1.0,1.0,1.0,1.0,1.0,0.0,1.0,1.0,1.0,1.0
case-000508,0.9233,1,1.0,1.0,1.0,1.0,0.8333,0.0,1.0,1.0,1.0,1.0
case-000509,0.9233,1,1.0,1.0,1.0,1.0,0.8333,0.0,1.0,1.0,1.0,1.0
case-000510,0.9233,1,1.0,1.0,1.0,1.0,0.8333,0.0,1.0,1.0,1.0,1.0
case-000511,0.9233,1,1.0,1.0,1.0,1.0,0.8333,0.0,1.0,1.0,1.0,1.0
case-000512,0.9233,1,1.0,1.0,1.0,1.0,0.8333,0.0,1.0,1.0,1.0,1.0
case-000513,0.9233,2,1.0,1.0,1.0,1.0,0.8333,0.0,1.0,1.0,1.0,1.0
case-000514,0.9233,1,1.0,1.0,1.0,1.0,0.8333,0.0,1.0,1.0,1.0,1.0
case-000515,0.9233,1,1.0,1.0,1.0,1.0,0.8333,0.0,1.0,1.0,1.0,1.0
case-000516,0.9233,1,1.0,1.0,1.0,1.0,0.8333,0.0,1.0,1.0,1.0,1.0
case-000517,0.94,1,1.0,1.0,1.0,1.0,1.0,0.0,1.0,1.0,1.0,1.0
case-000518,0.892,2,1.0,1.0,0.6,1.0,1.0,0.0,1.0,1.0,1.0,1.0
case-000519,0.9067,1,1.0,1.0,1.0,1.0,0.6667,0.0,1.0,1.0,1.0,1.0
case-000520,0.9233,1,1.0,1.0,1.0,1.0,0.8333,0.0,1.0,1.0,1.0,1.0
case-000521,0.9233,1,1.0,1.0,1.0,1.0,0.8333,0.0,1.0,1.0,1.0,1.0
case-000522,0.8333,2,0.5,1.0,1.0,1.0,0.8333,0.0,1.0,1.0,1.0,1.0
case-000523,0.8333,2,0.5,1.0,1.0,1.0,0.8333,0.0,1.0,1.0,1.0,1.0
case-000524,0.9233,2,1.0,1.0,1.0,1.0,0.8333,0.0,1.0,1.0,1.0,1.0
case-000525,0.8333,2,0.5,1.0,1.0,1.0,0.8333,0.0,1.0,1.0,1.0,1.0
case-000526,0.9233,1,1.0,1.0,1.0,1.0,0.8333,0.0,1.0,1.0,1.0,1.0
case-000527,0.9067,2,1.0,1.0,1.0,1.0,0.6667,0.0,1.0,1.0,1.0,1.0
case-000528,0.9233,2,1.0,1.0,1.0,1.0,0.8333,0.0,1.0,1.0,1.0,1.0
case-000529,0.916,1,1.0,1.0,0.8,1.0,1.0,0.0,1.0,1.0,1.0,1.0
case-000530,0.9233,1,1.0,1.0,1.0,1.0,0.8333,0.0,1.0,1.0,1.0,1.0
case-000531,0.9233,2,1.0,1.0,1.0,1.0,0.8333,0.0,1.0,1.0,1.0,1.0
case-000532,0.8333,1,0.5,1.0,1.0,1.0,0.8333,0.0,1.0,1.0,1.0,1.0
case-000533,0.9233,1,1.0,1.0,1.0,1.0,0.8333,0.0,1.0,1.0,1.0,1.0
case-000534,0.892,1,1.0,1.0,0.6,1.0,1.0,0.0,1.0,1.0,1.0,1.0
case-000535,0.9067,1,1.0,1.0,1.0,1.0,0.6667,0.0,1.0,1.0,1.0,1.0
case-000536,0.9233,2,1.0,1.0,1.0,1.0,0.8333,0.0,1.0,1.0,1.0,1.0
case-000537,0.9233,1,1.0,1.0,1.0,1.0,0.8333,0.0,1.0,1.0,1.0,1.0
case-000538,0.9233,2,1.0,1.0,1.0,1.0,0.8333,0.0,1.0,1.0,1.0,1.0
case-000539,0.9233,2,1.0,1.0,1.0,1.0,0.8333,0.0,1.0,1.0,1.0,1.0
case-000540,0.9233,1,1.0,1.0,1.0,1.0,0.8333,0.0,1.0,1.0,1.0,1.0
case-000541,0.9233,1,1.0,1.0,1.0,1.0,0.8333,0.0,1.0,1.0,1.0,1.0
case-000542,0.892,2,1.0,1.0,0.6,1.0,1.0,0.0,1.0,1.0,1.0,1.0
case-000543,0.9233,2,1.0,1.0,1.0,1.0,0.8333,0.0,1.0,1.0,1.0,1.0
case-000544,0.9067,1,1.0,1.0,1.0,1.0,0.6667,0.0,1.0,1.0,1.0,1.0
case-000545,0.9233,1,1.0,1.0,1.0,1.0,0.8333,0.0,1.0,1.0,1.0,1.0
case-000546,0.8513,1,1.0,1.0,0.4,1.0,0.8333,0.0,1.0,1.0,1.0,1.0
case-000547,0.9233,1,1.0,1.0,1.0,1.0,0.8333,0.0,1.0,1.0,1.0,1.0
case-000548,0.9233,2,1.0,1.0,1.0,1.0,0.8333,0.0,1.0,1.0,1.0,1.0
case-000549,0.9233,2,1.0,1.0,1.0,1.0,0.8333,0.0,1.0,1.0,1.0,1.0
case-000550,0.94,1,1.0,1.0,1.0,1.0,1.0,0.0,1.0,1.0,1.0,1.0
case-000551,0.9233,1,1.0,1.0,1.0,1.0,0.8333,0.0,1.0,1.0,1.0,1.0
case-000552,0.9233,1,1.0,1.0,1.0,1.0,0.8333,0.0,1.0,1.0,1.0,1.0
case-000553,0.8183,2,1.0,1.0,1.0,0.125,0.8333,0.0,1.0,1.0,1.0,1.0
case-000554,0.9233,2,1.0,1.0,1.0,1.0,0.8333,0.0,1.0,1.0,1.0,1.0
case-000555,0.9233,1,1.0,1.0,1.0,1.0,0.8333,0.0,1.0,1.0,1.0,1.0
case-000556,0.94,1,1.0,1.0,1.0,1.0,1.0,0.0,1.0,1.0,1.0,1.0
case-000557,0.8753,1,1.0,1.0,0.6,1.0,0.8333,0.0,1.0,1.0,1.0,1.0
case-000558,0.9233,1,1.0,1.0,1.0,1.0,0.8333,0.0,1.0,1.0,1.0,1.0
case-000559,0.8333,1,0.5,1.0,1.0,1.0,0.8333,0.0,1.0,1.0,1.0,1.0
case-000560,0.8333,1,0.5,1.0,1.0,1.0,0.8333,0.0,1.0,1.0,1.0,1.0
case-000561,0.8333,2,0.5,1.0,1.0,1.0,0.8333,0.0,1.0,1.0,1.0,1.0
case-000562,0.9233,1,1.0,1.0,1.0,1.0,0.8333,0.0,1.0,1.0,1.0,1.0
case-000563,0.9233,2,1.0,1.0,1.0,1.0,0.8333,0.0,1.0,1.0,1.0,1.0
case-000564,0.9233,1,1.0,1.0,1.0,1.0,0.8333,0.0,1.0,1.0,1.0,1.0
case-000565,0.8273,1,1.0,1.0,0.2,1.0,0.8333,0.0,1.0,1.0,1.0,1.0
case-000566,0.8333,2,0.5,1.0,1.0,1.0,0.8333,0.0,1.0,1.0,1.0,1.0
case-000567,0.8347,1,1.0,1.0,0.4,1.0,0.6667,0.0,1.0,1.0,1.0,1.0
case-000568,0.8333,2,0.5,1.0,1.0,1.0,0.8333,0.0,1.0,1.0,1.0,1.0
case-000569,0.9233,1,1.0,1.0,1.0,1.0,0.8333,0.0,1.0,1.0,1.0,1.0
case-000570,0.9083,2,1.0,1.0,1.0,0.875,0.8333,0.0,1.0,1.0,1.0,1.0
case-000571,0.9233,1,1.0,1.0,1.0,1.0,0.8333,0.0,1.0,1.0,1.0,1.0
case-000572,0.9233,1,1.0,1.0,1.0,1.0,0.8333,0.0,1.0,1.0,1.0,1.0
case-000573,0.8333,1,0.5,1.0,1.0,1.0,0.8333,0.0,1.0,1.0,1.0,1.0
case-000574,0.9233,1,1.0,1.0,1.0,1.0,0.8333,0.0,1.0,1.0,1.0,1.0
case-000575,0.9233,1,1.0,1.0,1.0,1.0,0.8333,0.0,1.0,1.0,1.0,1.0
case-000576,0.9233,2,1.0,1.0,1.0,1.0,0.8333,0.0,1.0,1.0,1.0,1.0
case-000577,0.8333,2,0.5,1.0,1.0,1.0,0.8333,0.0,1.0,1.0,1.0,1.0
case-000578,0.9233,1,1.0,1.0,1.0,1.0,0.8333,0.0,1.0,1.0,1.0,1.0
case-000579,0.8273,1,1.0,1.0,0.2,1.0,0.8333,0.0,1.0,1.0,1.0,1.0
case-000580,0.9233,1,1.0,1.0,1.0,1.0,0.8333,0.0,1.0,1.0,1.0,1.0
case-000581,0.8333,2,0.5,1.0,1.0,1.0,0.8333,0.0,1.0,1.0,1.0,1.0
case-000582,0.844,1,1.0,1.0,0.2,1.0,1.0,0.0,1.0,1.0,1.0,1.0
case-000583,0.9233,2,1.0,1.0,1.0,1.0,0.8333,0.0,1.0,1.0,1.0,1.0
case-000584,0.8093,2,0.5,1.0,0.8,1.0,0.8333,0.0,1.0,1.0,1.0,1.0
case-000585,0.9233,1,1.0,1.0,1.0,1.0,0.8333,0.0,1.0,1.0,1.0,1.0
case-000586,0.9233,1,1.0,1.0,1.0,1.0,0.8333,0.0,1.0,1.0,1.0,1.0
case-000587,0.9067,1,1.0,1.0,1.0,1.0,0.6667,0.0,1.0,1.0,1.0,1.0
case-000588,0.8513,1,1.0,1.0,0.4,1.0,0.8333,0.0,1.0,1.0,1.0,1.0
case-000589,0.8333,1,0.5,1.0,1.0,1.0,0.8333,0.0,1.0,1.0,1.0,1.0
case-000590,0.8993,1,1.0,1.0,0.8,1.0,0.8333,0.0,1.0,1.0,1.0,1.0
case-000591,0.9353,0,1.0,1.0,0.6,1.0,0.8333,1.0,1.0,1.0,1.0,1.0
case-000592,0.9233,1,1.0,1.0,1.0,1.0,0.8333,0.0,1.0,1.0,1.0,1.0
case-000593,0.9233,1,1.0,1.0,1.0,1.0,0.8333,0.0,1.0,1.0,1.0,1.0
case-000594,0.9233,1,1.0,1.0,1.0,1.0,0.8333,0.0,1.0,1.0,1.0,1.0
case-000595,0.8333,1,0.5,1.0,1.0,1.0,0.8333,0.0,1.0,1.0,1.0,1.0
case-000596,0.94,2,1.0,1.0,1.0,1.0,1.0,0.0,1.0,1.0,1.0,1.0
case-000597,0.8333,2,0.5,1.0,1.0,1.0,0.8333,0.0,1.0,1.0,1.0,1.0
case-000598,0.9233,1,1.0,1.0,1.0,1.0,0.8333,0.0,1.0,1.0,1.0,1.0
case-000599,0.9233,1,1.0,1.0,1.0,1.0,0.8333,0.0,1.0,1.0,1.0,1.0
case-000600,0.9233,1,1.0,1.0,1.0,1.0,0.8333,0.0,1.0,1.0,1.0,1.0
case-000601,0.8333,2,0.5,1.0,1.0,1.0,0.8333,0.0,1.0,1.0,1.0,1.0
case-000602,0.9233,1,1.0,1.0,1.0,1.0,0.8333,0.0,1.0,1.0,1.0,1.0
case-000603,0.9233,1,1.0,1.0,1.0,1.0,0.8333,0.0,1.0,1.0,1.0,1.0
case-000604,0.94,2,1.0,1.0,1.0,1.0,1.0,0.0,1.0,1.0,1.0,1.0
case-000605,0.9067,1,1.0,1.0,1.0,1.0,0.6667,0.0,1.0,1.0,1.0,1.0
case-000606,0.9233,2,1.0,1.0,1.0,1.0,0.8333,0.0,1.0,1.0,1.0,1.0
case-000607,0.8333,2,0.5,1.0,1.0,1.0,0.8333,0.0,1.0,1.0,1.0,1.0
case-000608,0.9233,1,1.0,1.0,1.0,1.0,0.8333,0.0,1.0,1.0,1.0,1.0
case-000609,0.9233,1,1.0,1.0,1.0,1.0,0.8333,0.0,1.0,1.0,1.0,1.0
case-000610,0.9233,2,1.0,1.0,1.0,1.0,0.8333,0.0,1.0,1.0,1.0,1.0
case-000611,0.9233,1,1.0,1.0,1.0,1.0,0.8333,0.0,1.0,1.0,1.0,1.0
case-000612,0.9233,1,1.0,1.0,1.0,1.0,0.8333,0.0,1.0,1.0,1.0,1.0
case-000613,0.9233,1,1.0,1.0,1.0,1.0,0.8333,0.0,1.0,1.0,1.0,1.0
case-000614,0.9233,1,1.0,1.0,1.0,1.0,0.8333,0.0,1.0,1.0,1.0,1.0
case-000615,0.9233,1,1.0,1.0,1.0,1.0,0.8333,0.0,1.0,1.0,1.0,1.0
case-000616,0.9067,1,1.0,1.0,1.0,1.0,0.6667,0.0,1.0,1.0,1.0,1.0
case-000617,0.9233,1,1.0,1.0,1.0,1.0,0.8333,0.0,1.0,1.0,1.0,1.0
case-000618,0.9233,1,1.0,1.0,1.0,1.0,0.8333,0.0,1.0,1.0,1.0,1.0
case-000619,0.9233,2,1.0,1.0,1.0,1.0,0.8333,0.0,1.0,1.0,1.0,1.0
case-000620,0.9233,2,1.0,1.0,1.0,1.0,0.8333,0.0,1.0,1.0,1.0,1.0
case-000621,0.9233,1,1.0,1.0,1.0,1.0,0.8333,0.0,1.0,1.0,1.0,1.0
case-000622,0.9233,2,1.0,1.0,1.0,1.0,0.8333,0.0,1.0,1.0,1.0,1.0
case-000623,0.9233,2,1.0,1.0,1.0,1.0,0.8333,0.0,1.0,1.0,1.0,1.0
case-000624,0.9233,1,1.0,1.0,1.0,1.0,0.8333,0.0,1.0,1.0,1.0,1.0
case-000625,0.9233,1,1.0,1.0,1.0,1.0,0.8333,0.0,1.0,1.0,1.0,1.0
case-000626,0.94,1,1.0,1.0,1.0,1.0,1.0,0.0,1.0,1.0,1.0,1.0
case-000627,0.8333,1,0.5,1.0,1.0,1.0,0.8333,0.0,1.0,1.0,1.0,1.0
case-000628,0.9233,2,1.0,1.0,1.0,1.0,0.8333,0.0,1.0,1.0,1.0,1.0
case-000629,0.89,1,1.0,1.0,1.0,1.0,0.5,0.0,1.0,1.0,1.0,1.0
case-000630,0.9233,1,1.0,1.0,1.0,1.0,0.8333,0.0,1.0,1.0,1.0,1.0
case-000631,0.868,1,1.0,1.0,0.4,1.0,1.0,0.0,1.0,1.0,1.0,1.0
case-000632,0.9067,1,1.0,1.0,1.0,1.0,0.6667,0.0,1.0,1.0,1.0,1.0
case-000633,0.9233,1,1.0,1.0,1.0,1.0,0.8333,0.0,1.0,1.0,1.0,1.0
case-000634,0.9233,2,1.0,1.0,1.0,1.0,0.8333,0.0,1.0,1.0,1.0,1.0
case-000635,0.94,1,1.0,1.0,1.0,1.0,1.0,0.0,1.0,1.0,1.0,1.0
case-000636,0.9233,1,1.0,1.0,1.0,1.0,0.8333,0.0,1.0,1.0,1.0,1.0
case-000637,0.8333,1,0.5,1.0,1.0,1.0,0.8333,0.0,1.0,1.0,1.0,1.0
case-000638,0.9233,1,1.0,1.0,1.0,1.0,0.8333,0.0,1.0,1.0,1.0,1.0
case-000639,0.9233,1,1.0,1.0,1.0,1.0,0.8333,0.0,1.0,1.0,1.0,1.0
case-000640,0.9233,2,1.0,1.0,1.0,1.0,0.8333,0.0,1.0,1.0,1.0,1.0
case-000641,0.9233,1,1.0,1.0,1.0,1.0,0.8333,0.0,1.0,1.0,1.0,1.0
case-000642,0.9233,2,1.0,1.0,1.0,1.0,0.8333,0.0,1.0,1.0,1.0,1.0
case-000643,0.9233,1,1.0,1.0,1.0,1.0,0.8333,0.0,1.0,1.0,1.0,1.0
case-000644,0.9233,1,1.0,1.0,1.0,1.0,0.8333,0.0,1.0,1.0,1.0,1.0
case-000645,0.9233,2,1.0,1.0,1.0,1.0,0.8333,0.0,1.0,1.0,1.0,1.0
case-000646,0.8333,2,0.5,1.0,1.0,1.0,0.8333,0.0,1.0,1.0,1.0,1.0
case-000647,0.9233,2,1.0,1.0,1.0,1.0,0.8333,0.0,1.0,1.0,1.0,1.0
case-000648,0.9233,2,1.0,1.0,1.0,1.0,0.8333,0.0,1.0,1.0,1.0,1.0
case-000649,0.9233,1,1.0,1.0,1.0,1.0,0.8333,0.0,1.0,1.0,1.0,1.0
case-000650,0.8273,1,1.0,1.0,0.2,1.0,0.8333,0.0,1.0,1.0,1.0,1.0
case-000651,0.9233,2,1.0,1.0,1.0,1.0,0.8333,0.0,1.0,1.0,1.0,1.0
case-000652,0.94,1,1.0,1.0,1.0,1.0,1.0,0.0,1.0,1.0,1.0,1.0
case-000653,0.9233,2,1.0,1.0,1.0,1.0,0.8333,0.0,1.0,1.0,1.0,1.0
case-000654,0.9233,1,1.0,1.0,1.0,1.0,0.8333,0.0,1.0,1.0,1.0,1.0
case-000655,0.9233,2,1.0,1.0,1.0,1.0,0.8333,0.0,1.0,1.0,1.0,1.0
case-000656,0.8333,2,0.5,1.0,1.0,1.0,0.8333,0.0,1.0,1.0,1.0,1.0
case-000657,0.868,2,1.0,1.0,0.4,1.0,1.0,0.0,1.0,1.0,1.0,1.0
case-000658,0.9233,1,1.0,1.0,1.0,1.0,0.8333,0.0,1.0,1.0,1.0,1.0
case-000659,0.9233,1,1.0,1.0,1.0,1.0,0.8333,0.0,1.0,1.0,1.0,1.0
case-000660,0.9233,2,1.0,1.0,1.0,1.0,0.8333,0.0,1.0,1.0,1.0,1.0
case-000661,0.8333,2,0.5,1.0,1.0,1.0,0.8333,0.0,1.0,1.0,1.0,1.0
case-000662,0.9233,1,1.0,1.0,1.0,1.0,0.8333,0.0,1.0,1.0,1.0,1.0
case-000663,0.8273,2,1.0,1.0,0.2,1.0,0.8333,0.0,1.0,1.0,1.0,1.0
case-000664,0.9233,1,1.0,1.0,1.0,1.0,0.8333,0.0,1.0,1.0,1.0,1.0
case-000665,0.9233,1,1.0,1.0,1.0,1.0,0.8333,0.0,1.0,1.0,1.0,1.0
case-000666,0.9233,1,1.0,1.0,1.0,1.0,0.8333,0.0,1.0,1.0,1.0,1.0
case-000667,0.94,1,1.0,1.0,1.0,1.0,1.0,0.0,1.0,1.0,1.0,1.0
case-000668,0.9067,2,1.0,1.0,1.0,1.0,0.6667,0.0,1.0,1.0,1.0,1.0
case-000669,0.9233,2,1.0,1.0,1.0,1.0,0.8333,0.0,1.0,1.0,1.0,1.0
case-000670,0.8513,1,1.0,1.0,0.4,1.0,0.8333,0.0,1.0,1.0,1.0,1.0
case-000671,0.8333,1,0.5,1.0,1.0,1.0,0.8333,0.0,1.0,1.0,1.0,1.0
case-000672,0.8333,2,0.5,1.0,1.0,1.0,0.8333,0.0,1.0,1.0,1.0,1.0
case-000673,0.9233,1,1.0,1.0,1.0,1.0,0.8333,0.0,1.0,1.0,1.0,1.0
case-000674,0.9233,1,1.0,1.0,1.0,1.0,0.8333,0.0,1.0,1.0,1.0,1.0
case-000675,0.9233,1,1.0,1.0,1.0,1.0,0.8333,0.0,1.0,1.0,1.0,1.0
case-000676,0.9233,1,1.0,1.0,1.0,1.0,0.8333,0.0,1.0,1.0,1.0,1.0
case-000677,0.9233,2,1.0,1.0,1.0,1.0,0.8333,0.0,1.0,1.0,1.0,1.0
case-000678,0.8167,2,0.5,1.0,1.0,1.0,0.6667,0.0,1.0,1.0,1.0,1.0
case-000679,0.7853,1,0.5,1.0,0.6,1.0,0.8333,0.0,1.0,1.0,1.0,1.0
case-000680,0.9067,2,1.0,1.0,1.0,1.0,0.6667,0.0,1.0,1.0,1.0,1.0
case-000681,0.8093,2,0.5,1.0,0.8,1.0,0.8333,0.0,1.0,1.0,1.0,1.0
case-000682,0.844,1,1.0,1.0,0.2,1.0,1.0,0.0,1.0,1.0,1.0,1.0
case-000683,0.9113,0,1.0,1.0,0.4,1.0,0.8333,1.0,1.0,1.0,1.0,1.0
case-000684,0.9353,0,1.0,1.0,0.6,1.0,0.8333,1.0,1.0,1.0,1.0,1.0
case-000685,0.9353,0,1.0,1.0,0.6,1.0,0.8333,1.0,1.0,1.0,1.0,1.0
case-000686,0.9113,1,1.0,1.0,0.4,1.0,0.8333,1.0,1.0,1.0,1.0,1.0
case-000687,0.94,1,1.0,1.0,1.0,1.0,1.0,0.0,1.0,1.0,1.0,1.0
case-000688,0.9233,1,1.0,1.0,1.0,1.0,0.8333,0.0,1.0,1.0,1.0,1.0
case-000689,0.94,1,1.0,1.0,1.0,1.0,1.0,0.0,1.0,1.0,1.0,1.0
case-000690,0.8333,2,0.5,1.0,1.0,1.0,0.8333,0.0,1.0,1.0,1.0,1.0
case-000691,0.9233,2,1.0,1.0,1.0,1.0,0.8333,0.0,1.0,1.0,1.0,1.0
case-000692,0.8333,2,0.5,1.0,1.0,1.0,0.8333,0.0,1.0,1.0,1.0,1.0
case-000693,0.7853,1,0.5,1.0,0.6,1.0,0.8333,0.0,1.0,1.0,1.0,1.0
case-000694,0.94,2,1.0,1.0,1.0,1.0,1.0,0.0,1.0,1.0,1.0,1.0
case-000695,0.9233,2,1.0,1.0,1.0,1.0,0.8333,0.0,1.0,1.0,1.0,1.0
case-000696,0.9233,1,1.0,1.0,1.0,1.0,0.8333,0.0,1.0,1.0,1.0,1.0
case-000697,0.9233,1,1.0,1.0,1.0,1.0,0.8333,0.0,1.0,1.0,1.0,1.0
case-000698,0.9233,1,1.0,1.0,1.0,1.0,0.8333,0.0,1.0,1.0,1.0,1.0
case-000699,0.8333,1,0.5,1.0,1.0,1.0,0.8333,0.0,1.0,1.0,1.0,1.0
case-000700,0.9233,2,1.0,1.0,1.0,1.0,0.8333,0.0,1.0,1.0,1.0,1.0
case-000701,0.94,2,1.0,1.0,1.0,1.0,1.0,0.0,1.0,1.0,1.0,1.0
case-000702,0.94,1,1.0,1.0,1.0,1.0,1.0,0.0,1.0,1.0,1.0,1.0
case-000703,0.9233,1,1.0,1.0,1.0,1.0,0.8333,0.0,1.0,1.0,1.0,1.0
case-000704,0.9233,1,1.0,1.0,1.0,1.0,0.8333,0.0,1.0,1.0,1.0,1.0
case-000705,0.8333,1,0.5,1.0,1.0,1.0,0.8333,0.0,1.0,1.0,1.0,1.0
case-000706,0.9233,1,1.0,1.0,1.0,1.0,0.8333,0.0,1.0,1.0,1.0,1.0
case-000707,0.94,1,1.0,1.0,1.0,1.0,1.0,0.0,1.0,1.0,1.0,1.0
case-000708,0.9233,1,1.0,1.0,1.0,1.0,0.8333,0.0,1.0,1.0,1.0,1.0
case-000709,0.8333,1,0.5,1.0,1.0,1.0,0.8333,0.0,1.0,1.0,1.0,1.0
case-000710,0.8333,2,0.5,1.0,1.0,1.0,0.8333,0.0,1.0,1.0,1.0,1.0
case-000711,0.9233,2,1.0,1.0,1.0,1.0,0.8333,0.0,1.0,1.0,1.0,1.0
case-000712,0.8513,1,1.0,1.0,0.4,1.0,0.8333,0.0,1.0,1.0,1.0,1.0
case-000713,0.89,2,1.0,1.0,1.0,1.0,0.5,0.0,1.0,1.0,1.0,1.0
case-000714,0.9233,1,1.0,1.0,1.0,1.0,0.8333,0.0,1.0,1.0,1.0,1.0
case-000715,0.9233,1,1.0,1.0,1.0,1.0,0.8333,0.0,1.0,1.0,1.0,1.0
case-000716,0.9233,2,1.0,1.0,1.0,1.0,0.8333,0.0,1.0,1.0,1.0,1.0
case-000717,0.9233,1,1.0,1.0,1.0,1.0,0.8333,0.0,1.0,1.0,1.0,1.0
case-000718,0.94,1,1.0,1.0,1.0,1.0,1.0,0.0,1.0,1.0,1.0,1.0
case-000719,0.9067,1,1.0,1.0,1.0,1.0,0.6667,0.0,1.0,1.0,1.0,1.0
case-000720,0.9233,1,1.0,1.0,1.0,1.0,0.8333,0.0,1.0,1.0,1.0,1.0
case-000721,0.89,1,1.0,1.0,1.0,1.0,0.5,0.0,1.0,1.0,1.0,1.0
case-000722,0.9067,1,1.0,1.0,1.0,1.0,0.6667,0.0,1.0,1.0,1.0,1.0
case-000723,0.9233,1,1.0,1.0,1.0,1.0,0.8333,0.0,1.0,1.0,1.0,1.0
case-000724,0.9233,1,1.0,1.0,1.0,1.0,0.8333,0.0,1.0,1.0,1.0,1.0
case-000725,0.8333,2,0.5,1.0,1.0,1.0,0.8333,0.0,1.0,1.0,1.0,1.0
case-000726,0.868,1,1.0,1.0,0.4,1.0,1.0,0.0,1.0,1.0,1.0,1.0
case-000727,0.892,1,1.0,1.0,0.6,1.0,1.0,0.0,1.0,1.0,1.0,1.0
case-000728,0.9233,2,1.0,1.0,1.0,1.0,0.8333,0.0,1.0,1.0,1.0,1.0
case-000729,0.9233,1,1.0,1.0,1.0,1.0,0.8333,0.0,1.0,1.0,1.0,1.0
case-000730,0.9233,2,1.0,1.0,1.0,1.0,0.8333,0.0,1.0,1.0,1.0,1.0
case-000731,0.8333,1,0.5,1.0,1.0,1.0,0.8333,0.0,1.0,1.0,1.0,1.0
case-000732,0.8333,1,0.5,1.0,1.0,1.0,0.8333,0.0,1.0,1.0,1.0,1.0
case-000733,0.8167,2,0.5,1.0,1.0,1.0,0.6667,0.0,1.0,1.0,1.0,1.0
case-000734,0.8333,1,0.5,1.0,1.0,1.0,0.8333,0.0,1.0,1.0,1.0,1.0
case-000735,0.8333,1,0.5,1.0,1.0,1.0,0.8333,0.0,1.0,1.0,1.0,1.0
case-000736,0.9233,2,1.0,1.0,1.0,1.0,0.8333,0.0,1.0,1.0,1.0,1.0
case-000737,0.9233,2,1.0,1.0,1.0,1.0,0.8333,0.0,1.0,1.0,1.0,1.0
case-000738,0.9233,1,1.0,1.0,1.0,1.0,0.8333,0.0,1.0,1.0,1.0,1.0
case-000739,0.844,1,1.0,1.0,0.2,1.0,1.0,0.0,1.0,1.0,1.0,1.0
case-000740,0.9233,2,1.0,1.0,1.0,1.0,0.8333,0.0,1.0,1.0,1.0,1.0
case-000741,0.8333,2,0.5,1.0,1.0,1.0,0.8333,0.0,1.0,1.0,1.0,1.0
case-000742,0.8333,1,0.5,1.0,1.0,1.0,0.8333,0.0,1.0,1.0,1.0,1.0
case-000743,0.9233,1,1.0,1.0,1.0,1.0,0.8333,0.0,1.0,1.0,1.0,1.0
case-000744,0.9233,1,1.0,1.0,1.0,1.0,0.8333,0.0,1.0,1.0,1.0,1.0
case-000745,0.9233,1,1.0,1.0,1.0,1.0,0.8333,0.0,1.0,1.0,1.0,1.0
case-000746,0.9233,1,1.0,1.0,1.0,1.0,0.8333,0.0,1.0,1.0,1.0,1.0
case-000747,0.9083,2,1.0,1.0,1.0,0.875,0.8333,0.0,1.0,1.0,1.0,1.0
case-000748,0.9233,1,1.0,1.0,1.0,1.0,0.8333,0.0,1.0,1.0,1.0,1.0
case-000749,0.9233,1,1.0,1.0,1.0,1.0,0.8333,0.0,1.0,1.0,1.0,1.0
case-000750,0.9233,1,1.0,1.0,1.0,1.0,0.8333,0.0,1.0,1.0,1.0,1.0
case-000751,0.9233,1,1.0,1.0,1.0,1.0,0.8333,0.0,1.0,1.0,1.0,1.0
case-000752,0.9233,2,1.0,1.0,1.0,1.0,0.8333,0.0,1.0,1.0,1.0,1.0
case-000753,0.802,2,0.5,1.0,0.6,1.0,1.0,0.0,1.0,1.0,1.0,1.0
case-000754,0.9233,1,1.0,1.0,1.0,1.0,0.8333,0.0,1.0,1.0,1.0,1.0
case-000755,0.9233,2,1.0,1.0,1.0,1.0,0.8333,0.0,1.0,1.0,1.0,1.0
case-000756,0.9233,1,1.0,1.0,1.0,1.0,0.8333,0.0,1.0,1.0,1.0,1.0
case-000757,0.9233,1,1.0,1.0,1.0,1.0,0.8333,0.0,1.0,1.0,1.0,1.0
case-000758,0.9233,1,1.0,1.0,1.0,1.0,0.8333,0.0,1.0,1.0,1.0,1.0
case-000759,0.9233,1,1.0,1.0,1.0,1.0,0.8333,0.0,1.0,1.0,1.0,1.0
case-000760,0.9233,1,1.0,1.0,1.0,1.0,0.8333,0.0,1.0,1.0,1.0,1.0
case-000761,0.9233,2,1.0,1.0,1.0,1.0,0.8333,0.0,1.0,1.0,1.0,1.0
case-000762,0.8513,2,1.0,1.0,0.4,1.0,0.8333,0.0,1.0,1.0,1.0,1.0
case-000763,0.9233,2,1.0,1.0,1.0,1.0,0.8333,0.0,1.0,1.0,1.0,1.0
case-000764,0.9233,2,1.0,1.0,1.0,1.0,0.8333,0.0,1.0,1.0,1.0,1.0
case-000765,0.9233,1,1.0,1.0,1.0,1.0,0.8333,0.0,1.0,1.0,1.0,1.0
case-000766,0.9233,1,1.0,1.0,1.0,1.0,0.8333,0.0,1.0,1.0,1.0,1.0
case-000767,0.9233,2,1.0,1.0,1.0,1.0,0.8333,0.0,1.0,1.0,1.0,1.0
case-000768,0.9067,2,1.0,1.0,1.0,1.0,0.6667,0.0,1.0,1.0,1.0,1.0
case-000769,0.8333,2,0.5,1.0,1.0,1.0,0.8333,0.0,1.0,1.0,1.0,1.0
case-000770,0.89,1,1.0,1.0,1.0,1.0,0.5,0.0,1.0,1.0,1.0,1.0
case-000771,0.9233,2,1.0,1.0,1.0,1.0,0.8333,0.0,1.0,1.0,1.0,1.0
case-000772,0.7373,2,0.5,1.0,0.2,1.0,0.8333,0.0,1.0,1.0,1.0,1.0
case-000773,0.8333,1,0.5,1.0,1.0,1.0,0.8333,0.0,1.0,1.0,1.0,1.0
case-000774,0.8333,1,0.5,1.0,1.0,1.0,0.8333,0.0,1.0,1.0,1.0,1.0
case-000775,0.9233,2,1.0,1.0,1.0,1.0,0.8333,0.0,1.0,1.0,1.0,1.0
case-000776,0.8273,2,1.0,1.0,0.2,1.0,0.8333,0.0,1.0,1.0,1.0,1.0
case-000777,0.9233,1,1.0,1.0,1.0,1.0,0.8333,0.0,1.0,1.0,1.0,1.0
case-000778,0.8333,2,0.5,1.0,1.0,1.0,0.8333,0.0,1.0,1.0,1.0,1.0
case-000779,0.9233,2,1.0,1.0,1.0,1.0,0.8333,0.0,1.0,1.0,1.0,1.0
case-000780,0.94,1,1.0,1.0,1.0,1.0,1.0,0.0,1.0,1.0,1.0,1.0
case-000781,0.9233,2,1.0,1.0,1.0,1.0,0.8333,0.0,1.0,1.0,1.0,1.0
case-000782,0.8753,1,1.0,1.0,0.6,1.0,0.8333,0.0,1.0,1.0,1.0,1.0
case-000783,0.8333,1,0.5,1.0,1.0,1.0,0.8333,0.0,1.0,1.0,1.0,1.0
case-000784,0.9233,1,1.0,1.0,1.0,1.0,0.8333,0.0,1.0,1.0,1.0,1.0
case-000785,0.9067,1,1.0,1.0,1.0,1.0,0.6667,0.0,1.0,1.0,1.0,1.0
case-000786,0.8333,1,0.5,1.0,1.0,1.0,0.8333,0.0,1.0,1.0,1.0,1.0
case-000787,0.9233,1,1.0,1.0,1.0,1.0,0.8333,0.0,1.0,1.0,1.0,1.0
case-000788,0.94,1,1.0,1.0,1.0,1.0,1.0,0.0,1.0,1.0,1.0,1.0
case-000789,0.9233,2,1.0,1.0,1.0,1.0,0.8333,0.0,1.0,1.0,1.0,1.0
case-000790,0.9233,1,1.0,1.0,1.0,1.0,0.8333,0.0,1.0,1.0,1.0,1.0
case-000791,0.9233,2,1.0,1.0,1.0,1.0,0.8333,0.0,1.0,1.0,1.0,1.0
case-000792,0.8753,1,1.0,1.0,0.6,1.0,0.8333,0.0,1.0,1.0,1.0,1.0
case-000793,0.9113,1,1.0,1.0,0.4,1.0,0.8333,1.0,1.0,1.0,1.0,1.0
case-000794,0.8453,1,0.5,1.0,0.6,1.0,0.8333,1.0,1.0,1.0,1.0,1.0
case-000795,0.9233,1,1.0,1.0,1.0,1.0,0.8333,0.0,1.0,1.0,1.0,1.0
case-000796,0.8333,1,0.5,1.0,1.0,1.0,0.8333,0.0,1.0,1.0,1.0,1.0
case-000797,0.94,1,1.0,1.0,1.0,1.0,1.0,0.0,1.0,1.0,1.0,1.0
case-000798,0.8993,1,1.0,1.0,0.8,1.0,0.8333,0.0,1.0,1.0,1.0,1.0
case-000799,0.9233,2,1.0,1.0,1.0,1.0,0.8333,0.0,1.0,1.0,1.0,1.0
case-000800,0.8093,2,0.5,1.0,0.8,1.0,0.8333,0.0,1.0,1.0,1.0,1.0
case-000801,0.9233,1,1.0,1.0,1.0,1.0,0.8333,0.0,1.0,1.0,1.0,1.0
case-000802,0.9233,1,1.0,1.0,1.0,1.0,0.8333,0.0,1.0,1.0,1.0,1.0
case-000803,0.9233,1,1.0,1.0,1.0,1.0,0.8333,0.0,1.0,1.0,1.0,1.0
case-000804,0.9067,2,1.0,1.0,1.0,1.0,0.6667,0.0,1.0,1.0,1.0,1.0
case-000805,0.9233,2,1.0,1.0,1.0,1.0,0.8333,0.0,1.0,1.0,1.0,1.0
case-000806,0.8333,1,0.5,1.0,1.0,1.0,0.8333,0.0,1.0,1.0,1.0,1.0
case-000807,0.9233,2,1.0,1.0,1.0,1.0,0.8333,0.0,1.0,1.0,1.0,1.0
case-000808,0.9233,2,1.0,1.0,1.0,1.0,0.8333,0.0,1.0,1.0,1.0,1.0
case-000809,0.8,2,0.5,1.0,1.0,1.0,0.5,0.0,1.0,1.0,1.0,1.0
case-000810,0.9067,1,1.0,1.0,1.0,1.0,0.6667,0.0,1.0,1.0,1.0,1.0
case-000811,0.9233,1,1.0,1.0,1.0,1.0,0.8333,0.0,1.0,1.0,1.0,1.0
case-000812,0.9233,1,1.0,1.0,1.0,1.0,0.8333,0.0,1.0,1.0,1.0,1.0
case-000813,0.9233,1,1.0,1.0,1.0,1.0,0.8333,0.0,1.0,1.0,1.0,1.0
case-000814,0.9233,1,1.0,1.0,1.0,1.0,0.8333,0.0,1.0,1.0,1.0,1.0
case-000815,0.9233,1,1.0,1.0,1.0,1.0,0.8333,0.0,1.0,1.0,1.0,1.0
case-000816,0.9233,1,1.0,1.0,1.0,1.0,0.8333,0.0,1.0,1.0,1.0,1.0
case-000817,0.94,1,1.0,1.0,1.0,1.0,1.0,0.0,1.0,1.0,1.0,1.0
case-000818,0.9233,1,1.0,1.0,1.0,1.0,0.8333,0.0,1.0,1.0,1.0,1.0
case-000819,0.9233,1,1.0,1.0,1.0,1.0,0.8333,0.0,1.0,1.0,1.0,1.0
case-000820,0.9233,1,1.0,1.0,1.0,1.0,0.8333,0.0,1.0,1.0,1.0,1.0
case-000821,0.94,2,1.0,1.0,1.0,1.0,1.0,0.0,1.0,1.0,1.0,1.0
case-000822,0.9233,2,1.0,1.0,1.0,1.0,0.8333,0.0,1.0,1.0,1.0,1.0
case-000823,0.9233,1,1.0,1.0,1.0,1.0,0.8333,0.0,1.0,1.0,1.0,1.0
case-000824,0.9233,1,1.0,1.0,1.0,1.0,0.8333,0.0,1.0,1.0,1.0,1.0
case-000825,0.9233,1,1.0,1.0,1.0,1.0,0.8333,0.0,1.0,1.0,1.0,1.0
case-000826,0.9233,2,1.0,1.0,1.0,1.0,0.8333,0.0,1.0,1.0,1.0,1.0
case-000827,0.9233,1,1.0,1.0,1.0,1.0,0.8333,0.0,1.0,1.0,1.0,1.0
case-000828,0.9233,1,1.0,1.0,1.0,1.0,0.8333,0.0,1.0,1.0,1.0,1.0
case-000829,0.8333,1,0.5,1.0,1.0,1.0,0.8333,0.0,1.0,1.0,1.0,1.0
case-000830,0.8333,1,0.5,1.0,1.0,1.0,0.8333,0.0,1.0,1.0,1.0,1.0
case-000831,0.8333,1,0.5,1.0,1.0,1.0,0.8333,0.0,1.0,1.0,1.0,1.0
case-000832,0.8333,2,0.5,1.0,1.0,1.0,0.8333,0.0,1.0,1.0,1.0,1.0
case-000833,0.8333,2,0.5,1.0,1.0,1.0,0.8333,0.0,1.0,1.0,1.0,1.0
case-000834,0.9233,1,1.0,1.0,1.0,1.0,0.8333,0.0,1.0,1.0,1.0,1.0
case-000835,0.94,1,1.0,1.0,1.0,1.0,1.0,0.0,1.0,1.0,1.0,1.0
case-000836,0.9233,1,1.0,1.0,1.0,1.0,0.8333,0.0,1.0,1.0,1.0,1.0
case-000837,0.8,2,0.5,1.0,1.0,1.0,0.5,0.0,1.0,1.0,1.0,1.0
case-000838,0.9233,1,1.0,1.0,1.0,1.0,0.8333,0.0,1.0,1.0,1.0,1.0
case-000839,0.9233,2,1.0,1.0,1.0,1.0,0.8333,0.0,1.0,1.0,1.0,1.0
case-000840,0.8993,1,1.0,1.0,0.8,1.0,0.8333,0.0,1.0,1.0,1.0,1.0
case-000841,0.9233,1,1.0,1.0,1.0,1.0,0.8333,0.0,1.0,1.0,1.0,1.0
case-000842,0.8333,2,0.5,1.0,1.0,1.0,0.8333,0.0,1.0,1.0,1.0,1.0
case-000843,0.9233,1,1.0,1.0,1.0,1.0,0.8333,0.0,1.0,1.0,1.0,1.0
case-000844,0.9233,2,1.0,1.0,1.0,1.0,0.8333,0.0,1.0,1.0,1.0,1.0
case-000845,0.9233,1,1.0,1.0,1.0,1.0,0.8333,0.0,1.0,1.0,1.0,1.0
case-000846,0.9233,1,1.0,1.0,1.0,1.0,0.8333,0.0,1.0,1.0,1.0,1.0
case-000847,0.9233,1,1.0,1.0,1.0,1.0,0.8333,0.0,1.0,1.0,1.0,1.0
case-000848,0.8167,1,0.5,1.0,1.0,1.0,0.6667,0.0,1.0,1.0,1.0,1.0
case-000849,0.9233,2,1.0,1.0,1.0,1.0,0.8333,0.0,1.0,1.0,1.0,1.0
case-000850,0.9233,1,1.0,1.0,1.0,1.0,0.8333,0.0,1.0,1.0,1.0,1.0
case-000851,0.8513,1,1.0,1.0,0.4,1.0,0.8333,0.0,1.0,1.0,1.0,1.0
case-000852,0.9067,1,1.0,1.0,1.0,1.0,0.6667,0.0,1.0,1.0,1.0,1.0
case-000853,0.9233,2,1.0,1.0,1.0,1.0,0.8333,0.0,1.0,1.0,1.0,1.0
case-000854,0.9233,1,1.0,1.0,1.0,1.0,0.8333,0.0,1.0,1.0,1.0,1.0
case-000855,0.8333,2,0.5,1.0,1.0,1.0,0.8333,0.0,1.0,1.0,1.0,1.0
case-000856,0.9233,1,1.0,1.0,1.0,1.0,0.8333,0.0,1.0,1.0,1.0,1.0
case-000857,0.7373,1,0.5,1.0,0.2,1.0,0.8333,0.0,1.0,1.0,1.0,1.0
case-000858,0.9233,1,1.0,1.0,1.0,1.0,0.8333,0.0,1.0,1.0,1.0,1.0
case-000859,0.9233,1,1.0,1.0,1.0,1.0,0.8333,0.0,1.0,1.0,1.0,1.0
case-000860,0.9233,1,1.0,1.0,1.0,1.0,0.8333,0.0,1.0,1.0,1.0,1.0
case-000861,0.9233,2,1.0,1.0,1.0,1.0,0.8333,0.0,1.0,1.0,1.0,1.0
case-000862,0.9233,1,1.0,1.0,1.0,1.0,0.8333,0.0,1.0,1.0,1.0,1.0
case-000863,0.9233,2,1.0,1.0,1.0,1.0,0.8333,0.0,1.0,1.0,1.0,1.0
case-000864,0.9233,1,1.0,1.0,1.0,1.0,0.8333,0.0,1.0,1.0,1.0,1.0
case-000865,0.8333,2,0.5,1.0,1.0,1.0,0.8333,0.0,1.0,1.0,1.0,1.0
case-000866,0.8347,1,1.0,1.0,0.4,1.0,0.6667,0.0,1.0,1.0,1.0,1.0
case-000867,0.9233,2,1.0,1.0,1.0,1.0,0.8333,0.0,1.0,1.0,1.0,1.0
case-000868,0.9067,2,1.0,1.0,1.0,1.0,0.6667,0.0,1.0,1.0,1.0,1.0
case-000869,0.9233,2,1.0,1.0,1.0,1.0,0.8333,0.0,1.0,1.0,1.0,1.0
case-000870,0.8333,1,0.5,1.0,1.0,1.0,0.8333,0.0,1.0,1.0,1.0,1.0
case-000871,0.754,2,0.5,1.0,0.2,1.0,1.0,0.0,1.0,1.0,1.0,1.0
case-000872,0.8333,1,0.5,1.0,1.0,1.0,0.8333,0.0,1.0,1.0,1.0,1.0
case-000873,0.9233,2,1.0,1.0,1.0,1.0,0.8333,0.0,1.0,1.0,1.0,1.0
case-000874,0.9233,2,1.0,1.0,1.0,1.0,0.8333,0.0,1.0,1.0,1.0,1.0
case-000875,0.8273,1,1.0,1.0,0.2,1.0,0.8333,0.0,1.0,1.0,1.0,1.0
case-000876,0.7373,2,0.5,1.0,0.2,1.0,0.8333,0.0,1.0,1.0,1.0,1.0
case-000877,0.9233,2,1.0,1.0,1.0,1.0,0.8333,0.0,1.0,1.0,1.0,1.0
case-000878,0.8333,1,0.5,1.0,1.0,1.0,0.8333,0.0,1.0,1.0,1.0,1.0
case-000879,0.9233,2,1.0,1.0,1.0,1.0,0.8333,0.0,1.0,1.0,1.0,1.0
case-000880,0.8753,1,1.0,1.0,0.6,1.0,0.8333,0.0,1.0,1.0,1.0,1.0
case-000881,0.9067,1,1.0,1.0,1.0,1.0,0.6667,0.0,1.0,1.0,1.0,1.0
case-000882,0.8333,2,0.5,1.0,1.0,1.0,0.8333,0.0,1.0,1.0,1.0,1.0
case-000883,0.9233,1,1.0,1.0,1.0,1.0,0.8333,0.0,1.0,1.0,1.0,1.0
case-000884,0.8333,2,0.5,1.0,1.0,1.0,0.8333,0.0,1.0,1.0,1.0,1.0
case-000885,0.9233,2,1.0,1.0,1.0,1.0,0.8333,0.0,1.0,1.0,1.0,1.0
case-000886,0.9067,1,1.0,1.0,1.0,1.0,0.6667,0.0,1.0,1.0,1.0,1.0
case-000887,0.9233,2,1.0,1.0,1.0,1.0,0.8333,0.0,1.0,1.0,1.0,1.0
case-000888,0.9233,2,1.0,1.0,1.0,1.0,0.8333,0.0,1.0,1.0,1.0,1.0
case-000889,0.9233,1,1.0,1.0,1.0,1.0,0.8333,0.0,1.0,1.0,1.0,1.0
case-000890,0.9233,1,1.0,1.0,1.0,1.0,0.8333,0.0,1.0,1.0,1.0,1.0
case-000891,0.9233,1,1.0,1.0,1.0,1.0,0.8333,0.0,1.0,1.0,1.0,1.0
case-000892,0.94,1,1.0,1.0,1.0,1.0,1.0,0.0,1.0,1.0,1.0,1.0
case-000893,0.9233,2,1.0,1.0,1.0,1.0,0.8333,0.0,1.0,1.0,1.0,1.0
case-000894,0.8333,1,0.5,1.0,1.0,1.0,0.8333,0.0,1.0,1.0,1.0,1.0
case-000895,0.9233,1,1.0,1.0,1.0,1.0,0.8333,0.0,1.0,1.0,1.0,1.0
case-000896,0.9233,1,1.0,1.0,1.0,1.0,0.8333,0.0,1.0,1.0,1.0,1.0
case-000897,0.9233,1,1.0,1.0,1.0,1.0,0.8333,0.0,1.0,1.0,1.0,1.0
case-000898,0.9233,1,1.0,1.0,1.0,1.0,0.8333,0.0,1.0,1.0,1.0,1.0
case-000899,0.9233,1,1.0,1.0,1.0,1.0,0.8333,0.0,1.0,1.0,1.0,1.0
case-000900,0.8333,1,0.5,1.0,1.0,1.0,0.8333,0.0,1.0,1.0,1.0,1.0
case-000901,0.9233,1,1.0,1.0,1.0,1.0,0.8333,0.0,1.0,1.0,1.0,1.0
case-000902,0.9233,1,1.0,1.0,1.0,1.0,0.8333,0.0,1.0,1.0,1.0,1.0
case-000903,0.9233,1,1.0,1.0,1.0,1.0,0.8333,0.0,1.0,1.0,1.0,1.0
case-000904,0.9233,2,1.0,1.0,1.0,1.0,0.8333,0.0,1.0,1.0,1.0,1.0
case-000905,0.8333,2,0.5,1.0,1.0,1.0,0.8333,0.0,1.0,1.0,1.0,1.0
case-000906,0.9233,1,1.0,1.0,1.0,1.0,0.8333,0.0,1.0,1.0,1.0,1.0
case-000907,0.9233,1,1.0,1.0,1.0,1.0,0.8333,0.0,1.0,1.0,1.0,1.0
case-000908,0.9233,1,1.0,1.0,1.0,1.0,0.8333,0.0,1.0,1.0,1.0,1.0
case-000909,0.8167,2,0.5,1.0,1.0,1.0,0.6667,0.0,1.0,1.0,1.0,1.0
case-000910,0.9233,1,1.0,1.0,1.0,1.0,0.8333,0.0,1.0,1.0,1.0,1.0
case-000911,0.8333,2,0.5,1.0,1.0,1.0,0.8333,0.0,1.0,1.0,1.0,1.0
case-000912,0.9233,1,1.0,1.0,1.0,1.0,0.8333,0.0,1.0,1.0,1.0,1.0
case-000913,0.8333,2,0.5,1.0,1.0,1.0,0.8333,0.0,1.0,1.0,1.0,1.0
case-000914,0.9233,1,1.0,1.0,1.0,1.0,0.8333,0.0,1.0,1.0,1.0,1.0
case-000915,0.8333,2,0.5,1.0,1.0,1.0,0.8333,0.0,1.0,1.0,1.0,1.0
case-000916,0.8333,2,0.5,1.0,1.0,1.0,0.8333,0.0,1.0,1.0,1.0,1.0
case-000917,0.94,2,1.0,1.0,1.0,1.0,1.0,0.0,1.0,1.0,1.0,1.0
case-000918,0.94,2,1.0,1.0,1.0,1.0,1.0,0.0,1.0,1.0,1.0,1.0
case-000919,0.9233,1,1.0,1.0,1.0,1.0,0.8333,0.0,1.0,1.0,1.0,1.0
case-000920,0.9233,2,1.0,1.0,1.0,1.0,0.8333,0.0,1.0,1.0,1.0,1.0
case-000921,0.9233,1,1.0,1.0,1.0,1.0,0.8333,0.0,1.0,1.0,1.0,1.0
case-000922,0.9233,1,1.0,1.0,1.0,1.0,0.8333,0.0,1.0,1.0,1.0,1.0
case-000923,0.94,2,1.0,1.0,1.0,1.0,1.0,0.0,1.0,1.0,1.0,1.0
case-000924,0.8513,1,1.0,1.0,0.4,1.0,0.8333,0.0,1.0,1.0,1.0,1.0
case-000925,0.8333,1,0.5,1.0,1.0,1.0,0.8333,0.0,1.0,1.0,1.0,1.0
case-000926,0.9233,1,1.0,1.0,1.0,1.0,0.8333,0.0,1.0,1.0,1.0,1.0
case-000927,0.9233,1,1.0,1.0,1.0,1.0,0.8333,0.0,1.0,1.0,1.0,1.0
case-000928,0.8333,2,0.5,1.0,1.0,1.0,0.8333,0.0,1.0,1.0,1.0,1.0
case-000929,0.9067,2,1.0,1.0,1.0,1.0,0.6667,0.0,1.0,1.0,1.0,1.0
case-000930,0.9233,1,1.0,1.0,1.0,1.0,0.8333,0.0,1.0,1.0,1.0,1.0
case-000931,0.9233,2,1.0,1.0,1.0,1.0,0.8333,0.0,1.0,1.0,1.0,1.0
case-000932,0.9233,1,1.0,1.0,1.0,1.0,0.8333,0.0,1.0,1.0,1.0,1.0
case-000933,0.9233,2,1.0,1.0,1.0,1.0,0.8333,0.0,1.0,1.0,1.0,1.0
case-000934,0.9233,2,1.0,1.0,1.0,1.0,0.8333,0.0,1.0,1.0,1.0,1.0
case-000935,0.8273,2,1.0,1.0,0.2,1.0,0.8333,0.0,1.0,1.0,1.0,1.0
case-000936,0.916,2,1.0,1.0,0.8,1.0,1.0,0.0,1.0,1.0,1.0,1.0
case-000937,0.9233,1,1.0,1.0,1.0,1.0,0.8333,0.0,1.0,1.0,1.0,1.0
case-000938,0.9233,1,1.0,1.0,1.0,1.0,0.8333,0.0,1.0,1.0,1.0,1.0
case-000939,0.9233,1,1.0,1.0,1.0,1.0,0.8333,0.0,1.0,1.0,1.0,1.0
case-000940,0.9233,1,1.0,1.0,1.0,1.0,0.8333,0.0,1.0,1.0,1.0,1.0
case-000941,0.9233,1,1.0,1.0,1.0,1.0,0.8333,0.0,1.0,1.0,1.0,1.0
case-000942,0.9233,1,1.0,1.0,1.0,1.0,0.8333,0.0,1.0,1.0,1.0,1.0
case-000943,0.9233,1,1.0,1.0,1.0,1.0,0.8333,0.0,1.0,1.0,1.0,1.0
case-000944,0.8333,2,0.5,1.0,1.0,1.0,0.8333,0.0,1.0,1.0,1.0,1.0
case-000945,0.9233,1,1.0,1.0,1.0,1.0,0.8333,0.0,1.0,1.0,1.0,1.0
case-000946,0.8333,2,0.5,1.0,1.0,1.0,0.8333,0.0,1.0,1.0,1.0,1.0
case-000947,0.8273,2,1.0,1.0,0.2,1.0,0.8333,0.0,1.0,1.0,1.0,1.0
case-000948,0.9067,1,1.0,1.0,1.0,1.0,0.6667,0.0,1.0,1.0,1.0,1.0
case-000949,0.89,1,1.0,1.0,1.0,1.0,0.5,0.0,1.0,1.0,1.0,1.0
case-000950,0.8333,2,0.5,1.0,1.0,1.0,0.8333,0.0,1.0,1.0,1.0,1.0
case-000951,0.8993,1,1.0,1.0,0.8,1.0,0.8333,0.0,1.0,1.0,1.0,1.0
case-000952,0.8993,2,1.0,1.0,0.8,1.0,0.8333,0.0,1.0,1.0,1.0,1.0
case-000953,0.8333,2,0.5,1.0,1.0,1.0,0.8333,0.0,1.0,1.0,1.0,1.0
case-000954,0.8753,2,1.0,1.0,0.6,1.0,0.8333,0.0,1.0,1.0,1.0,1.0
case-000955,0.8453,0,0.5,1.0,0.6,1.0,0.8333,1.0,1.0,1.0,1.0,1.0
case-000956,0.9367,0,1.0,1.0,1.0,1.0,0.8333,1.0,0.3333,1.0,1.0,1.0
case-000957,0.9367,1,1.0,1.0,1.0,1.0,0.8333,1.0,0.3333,1.0,1.0,1.0
case-000958,0.8467,1,0.5,1.0,1.0,1.0,0.8333,1.0,0.3333,1.0,1.0,1.0
case-000959,0.8467,1,0.5,1.0,1.0,1.0,0.8333,1.0,0.3333,1.0,1.0,1.0
case-000960,0.83,1,0.5,1.0,1.0,1.0,0.6667,1.0,0.3333,1.0,1.0,1.0
case-000961,0.9367,1,1.0,1.0,1.0,1.0,0.8333,1.0,0.3333,1.0,1.0,1.0
case-000962,0.92,0,1.0,1.0,1.0,1.0,0.6667,1.0,0.3333,1.0,1.0,1.0
case-000963,0.9367,0,1.0,1.0,1.0,1.0,0.8333,1.0,0.3333,1.0,1.0,1.0
case-000964,0.9367,0,1.0,1.0,1.0,1.0,0.8333,1.0,0.3333,1.0,1.0,1.0
case-000965,0.92,0,1.0,1.0,1.0,1.0,0.6667,1.0,0.3333,1.0,1.0,1.0
case-000966,0.9367,1,1.0,1.0,1.0,1.0,0.8333,1.0,0.3333,1.0,1.0,1.0
case-000967,0.8467,1,0.5,1.0,1.0,1.0,0.8333,1.0,0.3333,1.0,1.0,1.0
case-000968,0.9367,1,1.0,1.0,1.0,1.0,0.8333,1.0,0.3333,1.0,1.0,1.0
case-000969,0.9367,1,1.0,1.0,1.0,1.0,0.8333,1.0,0.3333,1.0,1.0,1.0
case-000970,0.8467,1,0.5,1.0,1.0,1.0,0.8333,1.0,0.3333,1.0,1.0,1.0
case-000971,0.9367,0,1.0,1.0,1.0,1.0,0.8333,1.0,0.3333,1.0,1.0,1.0
case-000972,0.8467,1,0.5,1.0,1.0,1.0,0.8333,1.0,0.3333,1.0,1.0,1.0
case-000973,0.9367,0,1.0,1.0,1.0,1.0,0.8333,1.0,0.3333,1.0,1.0,1.0
case-000974,0.8467,1,0.5,1.0,1.0,1.0,0.8333,1.0,0.3333,1.0,1.0,1.0
case-000975,0.9367,1,1.0,1.0,1.0,1.0,0.8333,1.0,0.3333,1.0,1.0,1.0
case-000976,0.9367,0,1.0,1.0,1.0,1.0,0.8333,1.0,0.3333,1.0,1.0,1.0
case-000977,0.8467,1,0.5,1.0,1.0,1.0,0.8333,1.0,0.3333,1.0,1.0,1.0
case-000978,0.83,1,0.5,1.0,1.0,1.0,0.6667,1.0,0.3333,1.0,1.0,1.0
case-000979,0.9367,0,1.0,1.0,1.0,1.0,0.8333,1.0,0.3333,1.0,1.0,1.0
case-000980,0.9367,0,1.0,1.0,1.0,1.0,0.8333,1.0,0.3333,1.0,1.0,1.0
case-000981,0.9367,1,1.0,1.0,1.0,1.0,0.8333,1.0,0.3333,1.0,1.0,1.0
case-000982,0.9333,0,1.0,0.6667,1.0,1.0,0.8333,1.0,1.0,1.0,1.0,1.0
case-000983,0.8433,0,0.5,0.6667,1.0,1.0,0.8333,1.0,1.0,1.0,1.0,1.0
case-000984,0.9333,0,1.0,0.6667,1.0,1.0,0.8333,1.0,1.0,1.0,1.0,1.0
case-000985,0.9333,0,1.0,0.6667,1.0,1.0,0.8333,1.0,1.0,1.0,1.0,1.0
case-000986,0.8433,1,0.5,0.6667,1.0,1.0,0.8333,1.0,1.0,1.0,1.0,1.0
case-000987,0.9333,0,1.0,0.6667,1.0,1.0,0.8333,1.0,1.0,1.0,1.0,1.0
case-000988,0.9333,0,1.0,0.6667,1.0,1.0,0.8333,1.0,1.0,1.0,1.0,1.0
case-000989,0.9333,0,1.0,0.6667,1.0,1.0,0.8333,1.0,1.0,1.0,1.0,1.0
case-000990,0.9333,0,1.0,0.6667,1.0,1.0,0.8333,1.0,1.0,1.0,1.0,1.0
case-000991,0.9333,0,1.0,0.6667,1.0,1.0,0.8333,1.0,1.0,1.0,1.0,1.0
case-000992,0.8433,0,0.5,0.6667,1.0,1.0,0.8333,1.0,1.0,1.0,1.0,1.0
case-000993,0.9167,0,1.0,0.6667,1.0,1.0,0.6667,1.0,1.0,1.0,1.0,1.0
case-000994,0.9333,0,1.0,0.6667,1.0,1.0,0.8333,1.0,1.0,1.0,1.0,1.0
case-000995,0.9167,0,1.0,0.6667,1.0,1.0,0.6667,1.0,1.0,1.0,1.0,1.0
case-000996,0.9167,0,1.0,0.6667,1.0,1.0,0.6667,1.0,1.0,1.0,1.0,1.0
case-000997,0.9167,0,1.0,0.6667,1.0,1.0,0.6667,1.0,1.0,1.0,1.0,1.0
case-000998,0.8433,0,0.5,0.6667,1.0,1.0,0.8333,1.0,1.0,1.0,1.0,1.0
case-000999,0.9333,1,1.0,0.6667,1.0,1.0,0.8333,1.0,1.0,1.0,1.0,1.0
case-001000,0.9333,1,1.0,0.6667,1.0,1.0,0.8333,1.0,1.0,1.0,1.0,1.0
