normalized_name,n_cases
sodium chloride 0.154 MEQ/ML,735
potassium chloride,353
ondansetron hydrochloride,325
furosemide,252
acetaminophen,235
propofol,233
aspirin,229
fentanyl citrate,199
lorazepam,190
pantoprazole,178
Tylenol,171
"heparin, porcine",166
Lasix,160
Protonix,157
morphine hydrochloride,156
acetaminophen Oral Tablet,144
pantoprazole sodium,139
lisinopril,137
norepinephrine,137
docusate sodium,134
metoprolol tartrate,116
famotidine,112
"insulin aspart, human",109
"insulin, regular, human",108
amlodipine besylate,105
fentanyl,104
metoprolol succinate,104
hydralazine,100
midazolam maleate,100
heparin,91
