sample,lead_i,lead_ii,lead_iii
0,0.002975,0.011436,0.008461
1,0.004561,0.013995,0.009434
2,0.007148,0.020469,0.013322
3,0.011704,0.033428,0.021724
4,0.012879,0.041414,0.028535
5,0.020646,0.066415,0.045769
6,0.021391,0.078134,0.056743
7,0.026070,0.099851,0.073782
8,0.035860,0.132872,0.097011
9,0.035882,0.142846,0.106963
10,0.040270,0.159153,0.118883
11,0.044789,0.170931,0.126142
12,0.049343,0.176773,0.127430
13,0.058192,0.185226,0.127034
14,0.064496,0.180550,0.116054
15,0.078969,0.185274,0.106305
16,0.103103,0.200741,0.097637
17,0.136590,0.223044,0.086455
18,0.192902,0.277507,0.084605
19,0.271377,0.358260,0.086883
20,0.378679,0.477383,0.098704
21,0.510051,0.626051,0.116000
22,0.662529,0.805609,0.143080
23,0.813141,0.980151,0.167010
24,0.947268,1.137132,0.189864
25,1.044518,1.252219,0.207701
26,1.092203,1.313652,0.221449
27,1.075533,1.296009,0.220476
28,0.995220,1.196737,0.201517
29,0.866508,1.035176,0.168669
30,0.720751,0.860075,0.139324
31,0.572662,0.682864,0.110201
32,0.437733,0.520642,0.082909
33,0.334891,0.404676,0.069785
34,0.249287,0.298770,0.049483
35,0.198056,0.242423,0.044367
36,0.159263,0.192191,0.032928
37,0.141457,0.172573,0.031116
38,0.129055,0.154418,0.025363
39,0.130553,0.160325,0.029772
40,0.129893,0.157579,0.027686
41,0.134507,0.164092,0.029585
42,0.137667,0.165906,0.028239
43,0.139757,0.164280,0.024524
44,0.153414,0.187209,0.033795
45,0.153696,0.179911,0.026215
46,0.166412,0.199243,0.032830
47,0.171616,0.201398,0.029782
48,0.184756,0.220472,0.035716
49,0.196027,0.235036,0.039008
50,0.205113,0.244563,0.039450
51,0.220263,0.267411,0.047148
52,0.222925,0.263000,0.040074
53,0.236378,0.282796,0.046418
54,0.244975,0.292650,0.047675
55,0.251934,0.299911,0.047977
56,0.260932,0.312938,0.052005
57,0.262368,0.310852,0.048485
58,0.273597,0.332060,0.058463
59,0.270468,0.323609,0.053141
60,0.269782,0.322596,0.052814
61,0.272493,0.331201,0.058708
62,0.264081,0.317506,0.053425
63,0.253425,0.301006,0.047581
64,0.244063,0.289398,0.045334
65,0.232628,0.275122,0.042494
66,0.221873,0.264046,0.042173
67,0.209522,0.250931,0.041409
68,0.191460,0.226458,0.034998
69,0.173982,0.204201,0.030220
70,0.164785,0.200808,0.036023
71,0.148090,0.181278,0.033188
72,0.127625,0.153545,0.025920
73,0.105946,0.122984,0.017038
74,0.095390,0.116517,0.021127
75,0.075371,0.088663,0.013293
76,0.065676,0.082808,0.017131
77,0.049783,0.062480,0.012697
78,0.032544,0.038278,0.005734
79,0.021190,0.026063,0.004873
80,0.010418,0.014150,0.003732
81,0.000344,0.002801,0.002458
82,-0.010361,-0.010873,-0.000512
83,-0.022967,-0.029627,-0.006659
84,-0.033100,-0.043774,-0.010674
85,-0.033122,-0.036452,-0.003330
86,-0.046058,-0.058242,-0.012184
87,-0.051792,-0.064826,-0.013034
88,-0.054034,-0.064296,-0.010262
89,-0.063829,-0.080890,-0.017060
90,-0.064802,-0.078524,-0.013722
91,-0.068420,-0.082378,-0.013959
92,-0.071047,-0.084409,-0.013363
93,-0.074434,-0.088430,-0.013997
94,-0.080743,-0.099167,-0.018424
95,-0.077455,-0.089054,-0.011599
96,-0.085456,-0.104017,-0.018560
97,-0.084210,-0.098861,-0.014652
98,-0.086527,-0.101760,-0.015233
99,-0.092672,-0.113285,-0.020613
100,-0.093510,-0.113331,-0.019822
101,-0.091836,-0.108046,-0.016211
102,-0.098962,-0.122314,-0.023352
103,-0.093839,-0.109822,-0.015983
104,-0.097775,-0.117448,-0.019674
105,-0.100857,-0.123386,-0.022529
106,-0.098026,-0.116502,-0.018476
107,-0.101328,-0.123298,-0.021970
108,-0.097338,-0.114240,-0.016902
109,-0.097628,-0.114787,-0.017158
110,-0.098366,-0.116506,-0.018139
111,-0.104574,-0.130446,-0.025872
112,-0.094749,-0.109301,-0.014552
113,-0.097847,-0.116772,-0.018925
114,-0.102553,-0.127964,-0.025411
115,-0.098116,-0.119224,-0.021108
116,-0.093997,-0.111366,-0.017369
117,-0.089885,-0.103700,-0.013815
118,-0.093629,-0.113495,-0.019866
119,-0.094514,-0.117171,-0.022657
120,-0.085021,-0.098187,-0.013166
121,-0.086065,-0.102550,-0.016484
122,-0.084971,-0.102369,-0.017399
123,-0.081763,-0.097699,-0.015936
124,-0.076298,-0.088215,-0.011918
125,-0.079317,-0.097546,-0.018229
126,-0.071774,-0.083784,-0.012010
127,-0.069596,-0.081964,-0.012368
128,-0.069337,-0.084497,-0.015161
129,-0.065302,-0.078853,-0.013551
130,-0.065888,-0.083495,-0.017606
131,-0.057823,-0.069219,-0.011396
132,-0.059000,-0.075383,-0.016383
133,-0.053533,-0.067035,-0.013501
134,-0.049522,-0.061981,-0.012460
135,-0.038338,-0.041237,-0.002899
136,-0.036440,-0.041003,-0.004563
137,-0.034215,-0.040122,-0.005907
138,-0.027039,-0.028415,-0.001376
139,-0.022126,-0.021743,0.000383
140,-0.024349,-0.030822,-0.006473
141,-0.021238,-0.028208,-0.006970
142,-0.011380,-0.010786,0.000594
143,-0.009581,-0.011121,-0.001540
144,-0.003140,-0.001262,0.001879
145,-0.002518,-0.004213,-0.001696
146,0.001925,0.008322,0.006397
147,0.009326,0.024812,0.015486
148,0.011771,0.032424,0.020653
149,0.017572,0.049811,0.032239
150,0.024073,0.071273,0.047200
151,0.027755,0.088854,0.061099
152,0.030856,0.106805,0.075949
153,0.037303,0.132613,0.095310
154,0.038194,0.145158,0.106964
155,0.045392,0.168828,0.123436
156,0.040320,0.161128,0.120808
157,0.054774,0.190695,0.135921
158,0.051509,0.174667,0.123158
159,0.060433,0.178148,0.117714
160,0.079493,0.195746,0.116253
161,0.090921,0.186761,0.095840
162,0.125949,0.217088,0.091139
163,0.174068,0.259556,0.085488
164,0.243972,0.328747,0.084774
165,0.337896,0.426187,0.088291
166,0.464753,0.571578,0.106825
167,0.611616,0.742296,0.130679
168,0.770249,0.932847,0.162598
169,0.916446,1.108408,0.191962
170,1.022319,1.228411,0.206092
171,1.081050,1.295917,0.214867
172,1.085795,1.306132,0.220337
173,1.017907,1.217395,0.199488
174,0.910820,1.091833,0.181013
175,0.770121,0.922811,0.152690
176,0.617399,0.736543,0.119144
177,0.483213,0.581671,0.098458
178,0.360324,0.429736,0.069412
179,0.276179,0.335595,0.059416
180,0.212247,0.258878,0.046631
181,0.168609,0.203902,0.035293
182,0.142727,0.170695,0.027969
183,0.129036,0.152424,0.023388
184,0.129967,0.158748,0.028781
185,0.130418,0.159435,0.029017
186,0.134679,0.165773,0.031094
187,0.139769,0.172235,0.032466
188,0.137401,0.161108,0.023707
189,0.150967,0.184095,0.033128
190,0.160436,0.197248,0.036812
191,0.168519,0.206600,0.038081
192,0.175398,0.212631,0.037233
193,0.181953,0.217371,0.035418
194,0.188978,0.222697,0.033719
195,0.207047,0.252037,0.044990
196,0.209120,0.246098,0.036978
197,0.227744,0.276712,0.048967
198,0.230994,0.273890,0.042896
199,0.240008,0.284404,0.044397
200,0.251153,0.300538,0.049384
201,0.258596,0.309723,0.051127
202,0.262323,0.312185,0.049862
203,0.265481,0.315079,0.049598
204,0.275333,0.334578,0.059245
205,0.271463,0.325917,0.054454
206,0.266364,0.316676,0.050313
207,0.264251,0.316176,0.051924
208,0.259874,0.312843,0.052969
209,0.247709,0.294454,0.046745
210,0.241958,0.292121,0.050163
211,0.228085,0.273687,0.045602
212,0.210858,0.249419,0.038561
213,0.203506,0.248168,0.044662
214,0.182142,0.217106,0.034964
215,0.167478,0.201517,0.034040
216,0.148406,0.176679,0.028273
217,0.137323,0.169585,0.032262
218,0.112993,0.133266,0.020273
219,0.097109,0.115212,0.018104
220,0.086526,0.108311,0.021785
221,0.064862,0.076357,0.011495
222,0.053056,0.065287,0.012231
223,0.040648,0.051999,0.011351
224,0.028509,0.038354,0.009846
225,0.014246,0.019063,0.004816
226,-0.003687,-0.009280,-0.005593
227,-0.009190,-0.011228,-0.002038
228,-0.019404,-0.024449,-0.005045
229,-0.028505,-0.036076,-0.007572
230,-0.029945,-0.031644,-0.001699
231,-0.042724,-0.052882,-0.010158
232,-0.046855,-0.055749,-0.008895
233,-0.052326,-0.062156,-0.009830
234,-0.058108,-0.069772,-0.011664
235,-0.059026,-0.067154,-0.008128
236,-0.064146,-0.074195,-0.010049
237,-0.068666,-0.080286,-0.011619
238,-0.077092,-0.095299,-0.018207
239,-0.078086,-0.094258,-0.016171
240,-0.085165,-0.106872,-0.021707
241,-0.079049,-0.090706,-0.011657
242,-0.086321,-0.104223,-0.017902
243,-0.085806,-0.100826,-0.015020
244,-0.087510,-0.102517,-0.015008
245,-0.092031,-0.110607,-0.018577
246,-0.091399,-0.107558,-0.016158
247,-0.098060,-0.120741,-0.022682
248,-0.095696,-0.114263,-0.018567
249,-0.096364,-0.114643,-0.018278
250,-0.098218,-0.117820,-0.019601
251,-0.102642,-0.126839,-0.024196
252,-0.094686,-0.108808,-0.014123
253,-0.104095,-0.129170,-0.025076
254,-0.104491,-0.129893,-0.025402
255,-0.095649,-0.110479,-0.014830
256,-0.097773,-0.115377,-0.017604
257,-0.104140,-0.129797,-0.025657
258,-0.099256,-0.119650,-0.020394
259,-0.098429,-0.118615,-0.020185
260,-0.096320,-0.114941,-0.018621
261,-0.095210,-0.113646,-0.018436
262,-0.091381,-0.106549,-0.015168
263,-0.088967,-0.102743,-0.013776
264,-0.093653,-0.114729,-0.021076
265,-0.092142,-0.113252,-0.021110
266,-0.088756,-0.107817,-0.019062
267,-0.084825,-0.101348,-0.016524
268,-0.082552,-0.098687,-0.016135
269,-0.082952,-0.102059,-0.019108
270,-0.079078,-0.096181,-0.017103
271,-0.074730,-0.089405,-0.014675
272,-0.069436,-0.080687,-0.011250
273,-0.070456,-0.085995,-0.015539
274,-0.061368,-0.069194,-0.007826
275,-0.062060,-0.074032,-0.011972
276,-0.054252,-0.060288,-0.006036
277,-0.052276,-0.059484,-0.007208
278,-0.049631,-0.057311,-0.007681
279,-0.047765,-0.056952,-0.009186
280,-0.047032,-0.059172,-0.012140
281,-0.036403,-0.039704,-0.003302
282,-0.040964,-0.053731,-0.012767
283,-0.027802,-0.028835,-0.001033
284,-0.030467,-0.038819,-0.008352
285,-0.025037,-0.031047,-0.006010
286,-0.022085,-0.028771,-0.006686
287,-0.013814,-0.014831,-0.001017
288,-0.011060,-0.013057,-0.001997
289,-0.009698,-0.014366,-0.004668
290,-0.005522,-0.009496,-0.003975
291,-0.002790,-0.001780,0.001010
292,0.005666,0.016502,0.010836
293,0.006982,0.020963,0.013981
294,0.016038,0.044750,0.028712
295,0.022672,0.065731,0.043059
296,0.020110,0.068913,0.048803
297,0.031534,0.104769,0.073236
298,0.031139,0.115521,0.084382
299,0.033456,0.131701,0.098245
300,0.037368,0.149166,0.111799
301,0.046362,0.173913,0.127550
302,0.051080,0.183920,0.132840
303,0.056506,0.189119,0.132613
304,0.059083,0.180949,0.121866
305,0.067789,0.178403,0.110614
306,0.085246,0.185923,0.100677
307,0.112597,0.203605,0.091009
308,0.156508,0.242410,0.085901
309,0.222036,0.308927,0.086891
310,0.306217,0.392673,0.086456
311,0.427702,0.533441,0.105740
312,0.570018,0.698861,0.128843
313,0.716299,0.862359,0.146060
314,0.869515,1.047379,0.177864
315,0.995513,1.199339,0.203826
316,1.074519,1.294208,0.219690
317,1.094430,1.318474,0.224044
318,1.042599,1.247162,0.204564
319,0.948210,1.136144,0.187934
320,0.819605,0.986642,0.167037
321,0.664258,0.793963,0.129705
322,0.518047,0.617167,0.099120
323,0.399920,0.483334,0.083414
324,0.295629,0.353481,0.057852
325,0.221638,0.262611,0.040973
326,0.177786,0.213618,0.035832
327,0.148613,0.177864,0.029252
328,0.132396,0.157162,0.024767
329,0.131826,0.162127,0.030301
330,0.126836,0.152005,0.025169
331,0.131580,0.160102,0.028522
332,0.133306,0.159610,0.026305
333,0.141791,0.172686,0.030896
334,0.141007,0.164378,0.023371
335,0.149033,0.174598,0.025565
336,0.164637,0.200721,0.036084
337,0.170220,0.204097,0.033877
338,0.176718,0.208877,0.032158
339,0.194381,0.237727,0.043347
340,0.201182,0.242346,0.041164
341,0.207784,0.246375,0.038591
342,0.222962,0.269339,0.046376
343,0.231341,0.277654,0.046313
344,0.235959,0.278267,0.042309
345,0.248375,0.296883,0.048508
346,0.252619,0.298634,0.046015
347,0.266872,0.323784,0.056912
348,0.264573,0.314134,0.049561
349,0.265703,0.313851,0.048147
350,0.269220,0.320805,0.051585
351,0.272287,0.328871,0.056584
352,0.267028,0.320783,0.053755
353,0.264696,0.321295,0.056599
354,0.257187,0.312523,0.055337
355,0.244150,0.293583,0.049433
356,0.228839,0.271465,0.042626
357,0.221624,0.268776,0.047151
358,0.199645,0.234976,0.035331
359,0.184722,0.217805,0.033083
360,0.172738,0.207917,0.035179
361,0.155922,0.187935,0.032012
362,0.136729,0.162976,0.026247
363,0.122625,0.149205,0.026580
364,0.107728,0.133443,0.025714
365,0.088178,0.106988,0.018810
366,0.067919,0.078346,0.010427
367,0.055860,0.066978,0.011118
368,0.040176,0.046766,0.006589
369,0.030516,0.038870,0.008354
370,0.012549,0.011728,-0.000821
371,0.008925,0.015161,0.006237
372,-0.002447,0.000592,0.003038
373,-0.013304,-0.013771,-0.000467
374,-0.019546,-0.018854,0.000692
375,-0.030730,-0.035621,-0.004891
376,-0.043222,-0.056012,-0.012790
377,-0.048417,-0.061028,-0.012611
378,-0.047833,-0.053939,-0.006106
379,-0.051758,-0.057314,-0.005556
380,-0.060239,-0.071197,-0.010959
381,-0.062455,-0.071729,-0.009274
382,-0.069328,-0.082887,-0.013559
383,-0.073732,-0.088954,-0.015222
384,-0.079013,-0.097256,-0.018243
385,-0.081923,-0.100618,-0.018696
386,-0.086663,-0.108263,-0.021599
387,-0.087617,-0.107811,-0.020194
388,-0.090574,-0.111987,-0.021413
389,-0.093578,-0.116477,-0.022899
390,-0.095086,-0.117877,-0.022791
391,-0.096127,-0.118447,-0.022320
392,-0.099416,-0.124156,-0.024740
393,-0.093880,-0.110640,-0.016760
394,-0.095136,-0.112254,-0.017118
395,-0.100069,-0.122148,-0.022079
396,-0.101781,-0.125143,-0.023362
397,-0.101718,-0.124421,-0.022703
398,-0.095066,-0.109391,-0.014325
399,-0.098635,-0.117036,-0.018401
400,-0.095207,-0.109475,-0.014267
401,-0.103924,-0.128820,-0.024896
402,-0.095095,-0.109750,-0.014656
403,-0.094751,-0.109537,-0.014785
404,-0.095703,-0.112356,-0.016654
405,-0.100365,-0.123524,-0.023159
406,-0.091885,-0.105960,-0.014075
407,-0.095688,-0.115600,-0.019911
408,-0.095047,-0.115639,-0.020592
409,-0.090616,-0.107514,-0.016898
410,-0.090769,-0.109648,-0.018879
411,-0.091925,-0.114155,-0.022230
412,-0.090701,-0.113592,-0.022890
413,-0.078878,-0.089870,-0.010992
414,-0.085073,-0.105946,-0.020873
415,-0.080869,-0.099295,-0.018426
416,-0.075848,-0.090993,-0.015145
417,-0.073292,-0.088258,-0.014965
418,-0.068451,-0.080631,-0.012179
419,-0.067686,-0.082101,-0.014415
420,-0.068250,-0.086621,-0.018371
421,-0.063645,-0.079887,-0.016242
422,-0.052732,-0.059389,-0.006657
423,-0.049384,-0.055640,-0.006256
424,-0.049403,-0.059396,-0.009993
425,-0.044189,-0.051732,-0.007543
426,-0.046388,-0.060462,-0.014074
427,-0.042019,-0.054820,-0.012802
428,-0.034559,-0.042450,-0.007891
429,-0.030869,-0.038436,-0.007566
430,-0.023150,-0.025612,-0.002461
431,-0.024720,-0.033271,-0.008551
432,-0.014413,-0.014839,-0.000427
433,-0.012856,-0.015690,-0.002835
434,-0.003653,0.000255,0.003908
435,-0.006356,-0.010006,-0.003651
436,-0.000120,0.004500,0.004620
437,0.001604,0.007483,0.005879
438,0.012741,0.032926,0.020184
439,0.014151,0.039150,0.025000
440,0.021274,0.060428,0.039153
441,0.023608,0.073667,0.050060
442,0.028567,0.094803,0.066236
443,0.032604,0.115166,0.082562
444,0.031691,0.124576,0.092885
445,0.039334,0.151115,0.111781
446,0.042153,0.163640,0.121487
447,0.042815,0.166488,0.123673
448,0.050834,0.179429,0.128596
449,0.059954,0.187904,0.127950
450,0.065988,0.181992,0.116004
451,0.086087,0.198339,0.112251
452,0.105862,0.203249,0.097387
453,0.141241,0.228438,0.087197
454,0.198579,0.283506,0.084927
455,0.278564,0.365627,0.087063
456,0.387011,0.485259,0.098248
457,0.523195,0.642883,0.119688
458,0.669401,0.807947,0.138546
459,0.830927,1.007233,0.176307
460,0.959836,1.155149,0.195313
461,1.049488,1.257462,0.207974
462,1.089597,1.307121,0.217524
463,1.062920,1.272448,0.209529
464,0.983487,1.179293,0.195806
465,0.863000,1.038538,0.175538
466,0.709838,0.848135,0.138297
467,0.569726,0.687901,0.118175
468,0.436158,0.527010,0.090852
469,0.325002,0.390562,0.065560
470,0.240984,0.285935,0.044951
471,0.187639,0.223029,0.035391
472,0.157726,0.190878,0.033151
473,0.134945,0.159302,0.024358
474,0.129386,0.155555,0.026168
475,0.126085,0.150510,0.024425
476,0.126245,0.149332,0.023087
477,0.128604,0.150740,0.022137
478,0.136476,0.162824,0.026348
479,0.142622,0.170044,0.027422
480,0.150551,0.180303,0.029752
481,0.163736,0.201332,0.037596
482,0.163942,0.193086,0.029144
483,0.181833,0.223105,0.041272
484,0.182389,0.214457,0.032068
485,0.193646,0.228964,0.035318
486,0.206196,0.246102,0.039906
487,0.218323,0.262309,0.043985
488,0.232103,0.282384,0.050281
489,0.237732,0.285018,0.047286
490,0.242697,0.286951,0.044254
491,0.259041,0.314953,0.055912
492,0.264474,0.320250,0.055776
493,0.266274,0.319098,0.052824
494,0.266183,0.315551,0.049368
495,0.273354,0.329921,0.056567
496,0.273541,0.330997,0.057456
497,0.264825,0.314637,0.049812
498,0.258059,0.304737,0.046677
499,0.251848,0.298185,0.046336
